vector_row,entity_type,entity_id,place_id,chunk_id,name,location_name,address,sido,lat,lng,x5186,y5186,status,elevation,slope_deg,aspect_deg,relief,tpi,elev_mean,elev_std,ruggedness,rel_N,rel_NE,rel_E,rel_SE,rel_S,rel_SW,rel_W,rel_NW,n_window,n_sectors_filled,nn_dist_m
0,place,plc_001,plc_001,,대구,대구,대구광역시,대구광역시,35.8713000,128.6018000,344653.02,364914.57,ok,40.84,0.523,9.907,22.702,-3.451,44.291,7.293,1.223,-3.582,3.573,8.343,6.824,10.276,7.734,-0.603,-5.517,3318,8,36.74
1,place,plc_002,plc_002,,달성,달성,대구광역시 달성군,대구광역시,35.7753000,128.4312000,329373.23,354091.74,ok,57.81,4.387,320.731,300.003,-35.261,93.071,96.793,9.594,-32.098,-7.868,140.861,176.25,58.501,16.048,-32.43,-36.739,1962,8,51.36
2,place,plc_003,plc_003,,청도,청도,경상북도 청도군,경상북도,35.6473012,128.7348468,357077.41,340258.55,ok,90.96,2.406,49.773,342.72,-61.298,152.258,112.496,11.623,9.692,4.407,-3.802,36.515,239.949,191.896,24.476,-12.503,1961,8,58.65
3,place,plc_004,plc_004,,밀양,밀양,경상남도 밀양시,경상남도,35.5038390,128.7466992,358496.23,324383.78,ok,27.11,2.097,196.662,186.87,-26.282,53.392,62.2,6.998,130.425,57.772,45.229,-4.08,-16.065,-12.395,-7.107,16.581,1961,8,22.7
4,place,plc_005,plc_005,,창녕,창녕,경상남도 창녕군,경상남도,35.5443876,128.4921938,335324.79,328472.11,ok,67.94,3.571,190.605,222.91,-14.48,82.42,70.435,6.986,-18.733,27.274,131.687,61.83,2.597,-26.47,-28.174,-34.117,1961,8,45.45
5,place,plc_006,plc_006,,동래,동래,부산광역시 동래구,부산광역시,35.2052000,129.0837000,389729.44,291862.9,ok,9.37,1.352,236.282,81.764,-16.696,26.066,29.44,4.676,11.282,45.134,21.545,-2.18,-2.428,2.86,22.581,49.932,2814,8,28.82
6,place,plc_007,plc_007,,울산,울산,울산광역시,울산광역시,35.5391697,129.3119136,409681.34,329332.37,ok,8.91,1.142,67.902,56.84,-6.681,15.591,18.762,2.922,-2.887,-6.405,-5.514,1.911,17.536,18.097,34.811,4.085,2453,8,41.09
7,place,plc_008,plc_008,,기장,기장,부산광역시 기장군,부산광역시,35.2447818,129.2215462,402221.39,296553.18,ok,11.86,2.043,26.346,148.558,-46.377,58.237,48.568,8.974,21.6,26.958,12.941,76.724,40.838,48.124,89.598,52.036,1933,8,39.69
8,place,plc_009,plc_009,,언양,언양,울산광역시 울주군 언양읍,울산광역시,35.5688426,129.1255144,392684.75,332315.78,ok,75.71,0.296,120.012,137.51,-37.685,113.395,45.737,7.386,10.938,32.707,74.726,11.809,7.985,43.465,35.308,84.691,1961,8,32.7
9,place,plc_010,plc_010,,경주,경주,경상북도 경주시,경상북도,35.8556705,129.2248811,400983.65,364339.4,ok,44.04,0.287,300.474,190.53,-26.554,70.594,57.966,5.222,9.964,89.542,121.147,13.312,4.569,-3.858,-9.846,-12.292,1961,8,22.82
10,place,plc_011,plc_011,,현풍,현풍,대구광역시 달성군 현풍읍,대구광역시,35.6974883,128.4475083,330993.23,345451.74,ok,28.52,1.963,198.964,166.534,-23.293,51.813,52.262,5.733,102.865,85.984,29.675,20.451,-2.165,-9.973,-11.102,-2.471,2189,8,21.68
11,place,plc_012,plc_012,,자인,자인,경상북도 경산시 자인면,경상북도,35.8215900,128.8235600,364794.15,359750.54,ok,67.34,1.343,184.383,99.38,-16.696,84.036,33.596,4.971,47.37,48.881,39.638,23.453,3.556,-9.667,-12.915,-6.678,1961,8,33.52
12,place,plc_013,plc_013,,경산,경산,경상북도 경산시,경상북도,35.8251220,128.7413290,357324.15,360020.54,ok,61.05,1.583,170.86,63.416,-2.113,63.163,22.468,3.136,-14.05,-4.87,3.956,19.013,11.891,23.448,-1.099,-13.847,2118,8,39.51
13,place,plc_014,plc_014,,하양,하양,경상북도 경산시 하양읍,경상북도,35.9166162,128.8066711,363084.15,370280.54,ok,65.67,0.941,39.787,180.88,-32.726,98.396,56.488,7.618,57.142,16.703,-10.679,-13.029,-8.145,25.071,87.779,107.102,1961,8,22.08
14,place,plc_015,plc_015,,양산,양산,경상남도 양산시,경상남도,35.3349979,129.0370582,385237.13,306136.77,ok,22.04,1.68,277.539,231.28,-43.129,65.169,78.901,10.314,-10.704,71.521,128.195,68.878,97.818,-15.737,-8.055,13.292,1961,8,38.61
15,place,plc_016,plc_016,,김해,김해,경상남도 김해시,경상남도,35.2279109,128.8895378,371995.96,294008.39,ok,9.69,3.524,186.215,129.436,-10.097,19.787,47.047,4.146,119.97,15.568,-7.279,-8.632,-8.917,-8.382,5.295,6.588,2397,8,28.54
16,place,plc_017,plc_017,,창원,창원,경상남도 창원시,경상남도,35.2279560,128.6818586,353106.67,293699.29,ok,26.74,0.946,227.318,76.434,-9.381,36.121,23.563,3.756,9.855,38.595,32.276,9.743,-5.169,-13.403,-2.278,3.079,3057,8,19.38
17,place,plc_018,plc_018,,칠원,칠원,경상남도 함안군 칠원읍,경상남도,35.2956400,128.5218600,338439.82,300994.13,ok,108.3,9.97,312.22,122.83,47.434,60.866,38.942,8.004,-64.226,-23.151,-16.947,-4.644,-61.319,-68.078,-76.364,-64.936,1961,8,38.43
18,place,plc_019,plc_019,,함안,함안,경상남도 함안군,경상남도,35.2726875,128.4065038,327999.82,298294.13,ok,17.1,4.653,48.141,98.65,-11.908,29.008,31.455,4.966,-7.519,-5.435,34.827,20.018,33.286,20.028,1.733,-1.628,1961,8,46.98
19,place,plc_020,plc_020,,의령,의령,경상남도 의령군,경상남도,35.3220030,128.2617827,314776.24,303559.72,ok,19.76,2.483,148.596,183.4,-50.887,70.647,59.268,10.789,70.551,19.632,-4.802,44.183,95.428,62.877,43.238,76.198,1961,8,41.62
20,place,plc_021,plc_021,,진주,진주,경상남도 진주시,경상남도,35.1803459,128.1079953,300899.29,287654.13,ok,22.41,0.2,142.765,64.25,-11.316,33.726,20.495,3.707,25.41,0.399,-1.413,4.361,6.324,17.299,6.132,32.061,1961,8,29.42
21,place,plc_022,plc_022,,고성,고성,경상남도 고성군,경상남도,34.9732784,128.3222330,320724.77,264885.44,ok,15.66,1.348,203.856,44.42,-2.336,17.996,15.083,3.193,-2.76,-8.924,-4.315,10.233,10.501,10.105,-1.123,7.843,1875,8,49.04
22,place,plc_023,plc_023,,진해,진해,경상남도 창원시 진해구,경상남도,35.1319000,128.7103000,355911.7,283105.67,ok,66.78,9.609,280.805,400.534,-63.451,130.231,127.804,13.372,-14.053,164.306,230.812,135.746,7.86,-49.905,-54.641,-56.169,1657,8,45.64
23,place,plc_024,plc_024,,하동,하동,경상남도 하동군,경상남도,35.0679208,127.7552641,268928.88,274877.53,ok,2.2,0.076,16.526,155.264,-33.412,35.612,49.731,8.367,118.804,46.133,27.921,10.105,4.761,33.77,11.713,52.464,2540,8,40.82
24,place,plc_025,plc_025,,사천,사천,경상남도 사천시,경상남도,35.0034680,128.0645620,297205.55,267987.76,ok,32.04,3.427,246.449,262.485,-48.494,80.534,84.723,10.324,-0.204,76.167,131.185,164.617,37.318,-4.495,-18.504,-22.327,1875,8,27.59
25,place,plc_026,plc_026,,곤양,곤양,경상남도 사천시 곤양면,경상남도,35.0677100,127.9811700,289465.55,275007.76,ok,27.68,15.874,83.877,135.2,-23.807,51.487,43.951,11.6,66.259,15.764,17.833,-2.98,4.289,4.927,17.138,67.325,1961,8,50.21
26,place,plc_027,plc_027,,거제,거제,경상남도 거제시,경상남도,34.8804677,128.6212070,348181.41,255077.49,ok,37.43,5.01,54.648,435.242,-101.481,138.911,144.433,15.52,-26.359,-7.899,76.742,6.847,225.661,305.458,177.826,-6.462,1845,8,57.82
27,place,plc_028,plc_028,,남해,남해,경상남도 남해군,경상남도,34.8374437,127.8925589,281654.82,249397.12,ok,26.32,1.62,120.394,251.956,-51.889,78.209,82.271,10.481,14.916,-11.647,-16.835,42.747,35.948,56.538,169.492,121.705,1952,8,30.05
28,place,plc_029,plc_029,,함양,함양,경상남도 함양군,경상남도,35.5204145,127.7252966,265804.05,325109.52,ok,166.9,0.23,146.586,89.85,-19.661,186.561,27.198,5.259,51.362,7.99,-0.259,-0.791,11.756,27.395,33.429,26.483,1961,8,37.97
29,place,plc_030,plc_030,,산청,산청,경상남도 산청군,경상남도,35.4154624,127.8736630,279382.19,313550.46,ok,99.66,2.707,104.387,253.45,-63.792,163.452,83.23,10.981,37.749,72.776,75.779,37.62,57.193,175.33,28.052,26.095,1961,8,33.43
30,place,plc_031,plc_031,,산음,산음,경상남도 산청군,경상남도,35.4154624,127.8736630,279382.19,313550.46,ok,99.66,2.707,104.387,253.45,-63.792,163.452,83.23,10.981,37.749,72.776,75.779,37.62,57.193,175.33,28.052,26.095,1961,8,33.43
31,place,plc_032,plc_032,,안의,안의,경상남도 함양군 안의면,경상남도,35.6418600,127.8175400,274084.05,338609.52,ok,213.31,2.36,129.942,197.392,-55.301,268.611,62.729,9.715,105.704,127.871,60.086,45.702,-10.388,0.438,40.278,67.317,1980,8,39.33
32,place,plc_033,plc_033,,안음,안음,경상남도 함양군 서상면,경상남도,35.6909100,127.6815000,261664.05,343919.52,ok,478.85,13.377,150.282,254.99,-25.622,504.472,80.114,10.181,32.08,42.395,-4.007,-39.719,-61.72,-7.021,107.0,136.075,1961,8,48.89
33,place,plc_034,plc_034,,삼가,삼가,경상남도 합천군 삼가면,경상남도,35.4116400,128.1134300,301115.7,313360.85,ok,107.51,2.809,319.385,114.06,-19.487,126.997,37.269,9.423,21.405,13.588,15.253,26.24,43.138,25.119,-9.075,20.309,1961,8,32.64
34,place,plc_035,plc_035,,거창,거창,경상남도 거창군,경상남도,35.6872871,127.9138505,282677.79,343715.31,ok,193.52,0.494,94.342,50.6,-12.15,205.67,16.626,2.716,15.291,3.892,-1.023,-0.623,14.494,19.028,23.251,22.939,1961,8,46.66
35,place,plc_036,plc_036,,단성,단성,경상남도 산청군 단성면,경상남도,35.2806600,127.9248500,284152.19,298610.46,ok,201.75,6.98,304.415,161.01,68.877,132.873,49.154,9.905,-57.953,-46.793,-79.76,-113.584,-70.41,-49.786,-48.3,-84.714,1961,8,18.67
36,place,plc_037,plc_037,,합천,합천,경상남도 합천군,경상남도,35.5664445,128.1658334,305705.7,330550.85,ok,43.36,2.425,96.365,118.22,-20.461,63.821,38.722,7.814,19.331,2.618,17.78,45.519,13.652,19.135,5.502,40.233,1961,8,20.72
37,place,plc_038,plc_038,,초계,초계,경상남도 합천군 초계면,경상남도,35.5475300,128.2513400,313445.7,328570.85,ok,39.28,1.331,74.925,121.6,-20.332,59.612,39.693,4.38,5.372,-9.66,-13.748,3.858,20.132,50.769,71.825,34.193,1961,8,25.47
38,place,plc_039,plc_039,,고령,고령,경상북도 고령군,경상북도,35.7258000,128.2632000,314335.07,348341.95,ok,34.28,4.783,139.348,160.23,-35.587,69.867,51.906,8.982,27.95,-0.848,17.191,-2.272,18.194,32.053,81.571,111.004,1961,8,46.57
39,place,plc_040,plc_040,,성주,성주,경상북도 성주군,경상북도,35.9190065,128.2834860,315869.57,369850.44,ok,36.91,1.306,67.965,60.98,-13.521,50.431,21.004,4.007,6.457,7.096,23.386,19.174,22.719,18.45,3.738,7.204,1961,8,39.84
40,place,plc_041,plc_041,,개령,개령,경상북도 김천시 개령면,경상북도,36.1697800,128.1805100,306239.31,397554.66,ok,179.09,8.969,79.863,153.89,87.512,91.578,49.938,7.481,-8.496,-84.246,-122.081,-122.92,-113.733,-106.318,-100.135,-42.521,1961,8,36.63
41,place,plc_042,plc_042,,인동,인동,경상북도 구미시 인동동,경상북도,36.1042553,128.4290963,328696.86,390559.78,ok,101.01,10.959,325.62,168.63,0.659,100.351,55.859,10.267,11.242,49.878,50.179,-3.491,3.472,-20.903,-63.209,-29.314,2094,8,10.03
42,place,plc_043,plc_043,,선산,선산,경상북도 구미시 선산읍,경상북도,36.2405861,128.2985068,316726.86,405499.78,ok,46.41,0.724,168.196,158.54,-28.22,74.63,53.654,6.785,60.707,35.605,24.525,-8.142,-8.871,-2.469,11.731,112.793,1961,8,22.73
43,place,plc_044,plc_044,,안동,안동,경상북도 안동시,경상북도,36.5634886,128.7260798,354503.68,441929.18,ok,90.74,0.11,1.661,118.45,-30.598,121.338,37.121,5.641,72.711,73.061,14.386,9.638,22.541,0.928,16.586,35.056,1961,8,34.54
44,place,plc_045,plc_045,,예안,예안,경상북도 안동시 예안면,경상북도,36.6752200,128.9033200,370163.68,454619.18,ok,161.01,3.832,183.757,233.13,-108.175,269.185,72.666,14.445,115.674,68.479,137.17,177.443,140.951,122.668,51.714,51.745,1961,8,44.08
45,place,plc_046,plc_046,,진보,진보,경상북도 청송군 진보면,경상북도,36.5293500,129.0501500,383636.89,438719.21,ok,182.2,1.084,119.52,260.496,-48.388,230.588,84.401,9.003,11.276,9.068,61.085,190.338,114.915,23.599,2.135,-9.387,2060,8,28.0
46,place,plc_047,plc_047,,영주,영주,경상북도 영주시,경상북도,36.8056850,128.6240540,344958.86,468681.79,ok,143.23,7.962,352.473,53.92,-8.765,151.995,17.242,4.436,-2.95,14.237,20.546,5.294,0.457,19.387,4.804,8.383,1961,8,26.65
47,place,plc_048,plc_048,,상주,상주,경상북도 상주시,경상북도,36.4104478,128.1590614,304000.65,424245.95,ok,56.8,0.319,78.634,85.16,-12.842,69.642,32.459,3.811,2.486,-2.939,-0.321,-2.068,3.945,34.83,50.141,16.715,1961,8,49.71
48,place,plc_049,plc_049,,비안,비안,경상북도 의성군 비안면,경상북도,36.3372800,128.5121900,335774.62,416534.04,ok,140.87,17.837,180.623,127.05,49.173,91.697,41.814,7.836,-19.019,-30.144,-6.639,-53.196,-77.478,-78.612,-79.532,-48.967,1961,8,8.52
49,place,plc_050,plc_050,,용궁,용궁,경상북도 예천군 용궁면,경상북도,36.6077800,128.2994800,316231.33,446266.73,ok,87.04,5.451,308.843,47.015,6.129,80.911,14.522,3.773,-0.04,4.62,-1.193,-3.183,-12.115,-15.329,-13.905,-6.399,2170,8,32.48
50,place,plc_051,plc_051,,예천,예천,경상북도 예천군,경상북도,36.6462999,128.4376000,328561.33,450766.73,ok,86.5,2.411,140.971,173.9,-29.808,116.308,55.597,5.587,109.321,25.334,2.544,4.742,-8.385,-2.976,13.211,94.796,1961,8,42.83
51,place,plc_052,plc_052,,문경,문경,경상북도 문경시,경상북도,36.5858541,128.1870612,306266.68,443680.85,ok,76.2,1.366,157.827,88.341,-15.212,91.412,28.985,4.2,40.831,2.698,-6.156,-4.199,5.089,6.361,18.199,51.645,2614,8,42.92
52,place,plc_053,plc_053,,영천,영천,경상북도 영천시,경상북도,35.9884200,128.9420000,375129.27,378512.59,ok,116.48,5.4,55.523,68.51,7.11,109.37,21.603,4.314,20.545,9.576,-15.295,-25.181,-20.548,-2.939,-18.426,-4.642,1961,8,9.6
53,place,plc_054,plc_054,,김천,김천,경상북도 김천시,경상북도,36.1398035,128.1139534,300299.31,394134.66,ok,87.93,7.254,115.296,169.92,-18.042,105.972,51.95,6.632,63.111,2.361,-4.782,-13.558,-11.667,-11.846,27.086,93.701,1961,8,36.88
54,place,plc_055,plc_055,,의성,의성,경상북도 의성군,경상북도,36.3524000,128.6970000,352334.62,418514.04,ok,92.57,2.036,190.924,103.96,-26.328,118.898,32.974,6.988,26.811,47.57,53.938,40.873,11.936,29.749,1.075,-1.224,1961,8,29.13
55,place,plc_056,plc_056,,용안,용안,전북특별자치도 익산시 용안면,전북특별자치도,36.1233119,126.9542107,195883.2,391732.99,ok,43.57,6.56,96.846,30.36,34.326,9.244,10.092,1.874,-25.143,-37.003,-39.014,-38.558,-37.003,-28.37,-35.629,-34.029,1961,8,7.05
56,place,plc_057,plc_057,,연기,연기,세종특별자치시,세종특별자치시,36.4799999,127.2890000,225899.65,431319.71,ok,27.27,0.142,129.56,128.54,-16.438,43.708,41.401,4.685,-9.508,12.807,19.801,66.437,61.028,-2.446,-8.733,-7.819,1961,8,26.25
57,place,plc_058,plc_058,,비인,비인,충청남도 서천군 비인면,충청남도,36.1468286,126.6172752,165576.49,394414.89,ok,220.03,27.662,82.832,163.89,129.479,90.551,50.643,11.106,-111.018,-102.341,-109.241,-159.608,-108.784,-162.826,-159.854,-122.688,1961,8,22.79
58,place,plc_059,plc_059,,부여,부여,충청남도 부여군,충청남도,36.2753678,126.9101070,191914.99,408582.06,ok,17.8,0.677,205.782,51.03,2.113,15.687,16.294,2.955,4.497,8.556,11.824,-6.953,-9.987,-10.826,-9.244,-4.781,1961,8,23.08
59,place,plc_060,plc_060,,공주,공주,충청남도 공주시,충청남도,36.4725700,127.0912400,208195.86,430449.43,ok,116.9,11.645,194.431,90.67,82.783,34.117,30.545,6.067,-82.056,-46.276,-84.433,-89.212,-91.045,-88.925,-102.577,-78.08,1961,8,41.5
60,place,plc_061,plc_061,,남포,남포,충청남도 보령시 남포면,충청남도,36.2954800,126.5827400,162555.79,410914.81,ok,15.47,1.464,336.082,121.32,-23.584,39.054,39.971,5.841,31.868,18.306,41.317,77.444,37.47,-2.618,-10.449,-4.568,1961,8,36.82
61,place,plc_062,plc_062,,익산,익산,전북특별자치도 익산시,전북특별자치도,35.9479291,126.9578025,196153.2,372292.99,ok,19.5,0.838,145.842,19.79,4.624,14.876,6.569,1.557,-3.073,-4.179,1.678,-2.869,-8.916,-8.979,-8.459,-2.216,1961,8,46.97
62,place,plc_063,plc_063,,회인,회인,충청북도 보은군 회인면,충청북도,36.4980262,127.6006735,253795.42,433483.48,ok,173.28,7.779,274.718,202.416,-19.844,193.124,61.683,13.908,-11.288,80.252,54.572,-6.932,-44.213,28.775,19.763,36.632,2094,8,22.78
63,place,plc_064,plc_064,,임천,임천,충청남도 부여군 임천면,충청남도,36.1734100,126.8871800,189844.99,397332.06,ok,10.26,2.576,220.442,83.09,-21.429,31.689,27.218,6.573,47.394,24.775,11.574,3.168,15.274,22.591,15.828,30.918,1961,8,40.15
64,place,plc_065,plc_065,,청주,청주,충청북도 청주시,충청북도,36.6421169,127.4891742,243751.45,449443.03,ok,44.22,0.039,206.565,182.647,-31.846,76.066,57.766,5.023,6.644,116.031,102.135,23.059,3.611,9.052,10.099,-1.732,3115,8,34.94
65,place,plc_066,plc_066,,문의,문의,충청북도 청주시 문의면,충청북도,36.4931677,127.5087027,245551.45,432883.03,ok,164.87,6.75,184.192,181.63,29.82,135.05,57.832,11.189,-73.997,-24.308,41.997,-32.597,-9.467,-14.652,-52.44,-73.217,1961,8,28.52
66,place,plc_067,plc_067,,은진,은진,충청남도 논산시 은진면,충청남도,36.1647875,127.1104029,209902.12,396372.22,ok,29.09,2.015,143.668,42.77,5.757,23.333,14.25,2.76,0.596,-5.535,13.614,-5.132,-16.115,-18.403,-9.747,-5.353,1961,8,48.58
67,place,plc_068,plc_068,,노성,노성,충청남도 논산시 노성면,충청남도,36.2904765,127.1063160,209542.12,410322.22,ok,57.23,5.492,255.972,185.71,-22.674,79.904,59.407,9.076,25.228,94.316,100.624,4.824,-13.145,-19.177,-12.022,1.94,1970,8,41.43
68,place,plc_069,plc_069,,한산,한산,충청남도 서천군 한산면,충청남도,36.0836204,126.8224219,184026.49,387304.89,ok,4.31,0.092,181.494,64.65,-13.683,17.993,21.957,4.263,13.851,10.781,4.232,3.896,9.646,51.231,22.152,1.507,2249,8,38.82
69,place,plc_070,plc_070,,연산,연산,충청남도 논산시 연산면,충청남도,36.2312270,127.1994063,217912.12,403752.22,ok,164.93,22.074,219.444,239.953,55.405,109.525,82.38,10.698,67.32,37.015,-49.397,-87.504,-105.985,-125.776,-123.374,-84.321,2018,8,35.04
70,place,plc_071,plc_071,,진산,진산,충청남도 금산군 진산면,충청남도,36.1442607,127.3703869,233298.04,394096.74,ok,176.81,6.72,119.233,168.62,-66.166,242.976,53.417,12.865,85.047,14.423,35.437,65.769,106.167,82.416,89.021,51.321,1961,8,41.05
71,place,plc_072,plc_072,,청양,청양,충청남도 청양군,충청남도,36.4591386,126.8021303,182289.63,429025.43,ok,122.1,10.626,262.788,110.82,-6.022,128.122,35.285,7.487,27.401,35.15,7.055,8.24,-17.933,-19.835,10.652,-2.534,1961,8,30.32
72,place,plc_073,plc_073,,단양,단양,충청북도 단양군,충청북도,36.9848000,128.3659000,321603.08,488206.71,ok,188.9,4.294,96.991,299.24,-46.807,235.707,100.198,17.422,-0.041,58.876,56.693,167.206,51.483,9.761,30.882,-0.211,1961,8,10.03
73,place,plc_074,plc_074,,천안,천안,충청남도 천안시,충청남도,36.8150283,127.1140654,210194.74,468488.51,ok,50.44,7.079,286.416,70.421,-8.487,58.927,20.464,4.166,5.26,18.156,20.545,14.872,-0.804,-2.611,5.18,4.657,2940,8,17.33
74,place,plc_075,plc_075,,예산,예산,충청남도 예산군,충청남도,36.6808989,126.8448742,186158.82,453630.16,ok,32.87,2.463,243.005,194.56,-50.569,83.439,62.994,9.97,67.046,133.224,62.026,41.254,77.587,34.037,-10.312,-0.104,1961,8,30.33
75,place,plc_076,plc_076,,덕산,덕산,충청남도 예산군 덕산면,충청남도,36.6902950,126.6535847,169058.82,454710.16,ok,68.07,4.984,42.573,192.38,-18.069,86.139,61.163,8.264,7.243,-24.132,-37.076,32.004,23.336,-4.445,55.149,92.546,1961,8,21.37
76,place,plc_077,plc_077,,서산,서산,충청남도 서산시,충청남도,36.7844990,126.4503170,150898.9,465275.66,ok,38.64,2.717,204.352,117.11,-13.308,51.948,36.972,5.528,67.376,16.6,-12.489,-18.973,-16.215,11.97,20.213,38.037,1961,8,50.98
77,place,plc_078,plc_078,,홍주,홍주,충청남도 홍성군,충청남도,36.6010501,126.6611667,169665.38,444786.08,ok,28.49,1.218,5.621,55.84,-16.796,45.286,17.596,3.341,19.493,9.806,-2.866,8.28,20.18,26.268,31.553,21.727,1961,8,19.06
78,place,plc_079,plc_079,,대천,대천,충청남도 보령시,충청남도,36.3340100,126.6131650,165255.79,415144.81,ok,55.91,1.178,303.765,324.37,-39.251,95.161,103.575,8.573,-23.28,68.073,176.791,166.276,17.565,-20.675,-29.386,-41.196,1961,8,34.44
79,place,plc_080,plc_080,,청량산,청량산,경상북도 봉화군 청량산,경상북도,36.8088641,128.9308978,372266.43,469543.21,ok,681.59,10.585,125.056,366.69,95.961,585.629,111.742,20.264,-55.031,-147.985,-154.58,-155.288,-27.548,-94.812,-156.039,23.202,1961,8,44.58
80,place,plc_081,plc_081,,태백산,태백산,강원특별자치도 태백산,강원특별자치도,37.1468227,128.9057379,369298.46,507003.25,ok,1254.78,27.018,211.054,478.795,101.577,1153.203,146.754,21.827,-21.165,95.392,-114.851,-291.111,-181.217,-213.021,-133.16,-37.9,2795,8,16.92
,place,plc_082,plc_082,,백마강,백마강,충청남도 부여군 백마강,충청남도,,,,,no_coord,,,,,,,,,,,,,,,,,,,
81,place,plc_083,plc_083,,북한산,북한산,서울특별시 북한산,서울특별시,37.6586301,126.9780032,198045.56,562098.32,ok,771.66,23.252,206.36,455.189,398.02,373.64,142.663,21.075,-475.706,-364.525,-440.159,-339.948,-266.929,-386.711,-508.162,-513.122,2643,8,18.15
82,place,plc_084,plc_084,,백운대,백운대,서울특별시 북한산 백운대,서울특별시,37.6586301,126.9780032,198045.56,562098.32,ok,771.66,23.252,206.36,455.189,398.02,373.64,142.663,21.075,-475.706,-364.525,-440.159,-339.948,-266.929,-386.711,-508.162,-513.122,2643,8,18.15
83,place,plc_085,plc_085,,인수봉,인수봉,서울특별시 북한산 인수봉,서울특별시,37.6602237,126.9801803,198225.56,562278.32,ok,767.33,18.653,47.187,451.37,398.381,368.949,140.244,20.944,-464.949,-380.549,-467.377,-394.913,-246.686,-369.574,-459.156,-509.755,2633,8,27.15
,place,plc_086,plc_086,,만경대,만경대,서울특별시 북한산 만경대,서울특별시,,,,,no_coord,,,,,,,,,,,,,,,,,,,
,place,plc_087,plc_087,,비봉,비봉,서울특별시 북한산 비봉,서울특별시,,,,,no_coord,,,,,,,,,,,,,,,,,,,
84,place,plc_088,plc_088,,선성,선성,경상북도 안동시 도산면,경상북도,36.7368800,128.8414100,364493.68,461369.18,ok,213.65,8.615,15.953,193.89,-24.278,237.928,60.942,11.299,27.992,65.822,-14.327,-17.964,-39.337,76.249,86.844,9.046,1961,8,29.61
,chunk,doc_0001_c00,,doc_0001_c00,,,,,,,,,no_coord,,,,,,,,,,,,,,,,,,,
,chunk,doc_0001_c01,,doc_0001_c01,,,,,,,,,no_coord,,,,,,,,,,,,,,,,,,,
,chunk,doc_0002_c00,,doc_0002_c00,,,,,,,,,no_coord,,,,,,,,,,,,,,,,,,,
,chunk,doc_0002_c01,,doc_0002_c01,,,,,,,,,no_coord,,,,,,,,,,,,,,,,,,,
,chunk,doc_0003_c00,,doc_0003_c00,,,,,,,,,no_coord,,,,,,,,,,,,,,,,,,,
,chunk,doc_0003_c01,,doc_0003_c01,,,,,,,,,no_coord,,,,,,,,,,,,,,,,,,,
,chunk,doc_0004_c00,,doc_0004_c00,,,,,,,,,no_coord,,,,,,,,,,,,,,,,,,,
,chunk,doc_0004_c01,,doc_0004_c01,,,,,,,,,no_coord,,,,,,,,,,,,,,,,,,,
,chunk,doc_0005_c00,,doc_0005_c00,,,,,,,,,no_coord,,,,,,,,,,,,,,,,,,,
,chunk,doc_0005_c01,,doc_0005_c01,,,,,,,,,no_coord,,,,,,,,,,,,,,,,,,,
,chunk,doc_0006_c00,,doc_0006_c00,,,,,,,,,no_coord,,,,,,,,,,,,,,,,,,,
,chunk,doc_0006_c01,,doc_0006_c01,,,,,,,,,no_coord,,,,,,,,,,,,,,,,,,,
,chunk,doc_0007_c00,,doc_0007_c00,,,,,,,,,no_coord,,,,,,,,,,,,,,,,,,,
,chunk,doc_0007_c01,,doc_0007_c01,,,,,,,,,no_coord,,,,,,,,,,,,,,,,,,,
,chunk,doc_0007_c02,,doc_0007_c02,,,,,,,,,no_coord,,,,,,,,,,,,,,,,,,,
,chunk,doc_0008_c00,,doc_0008_c00,,,,,,,,,no_coord,,,,,,,,,,,,,,,,,,,
,chunk,doc_0008_c01,,doc_0008_c01,,,,,,,,,no_coord,,,,,,,,,,,,,,,,,,,
,chunk,doc_0009_c00,,doc_0009_c00,,,,,,,,,no_coord,,,,,,,,,,,,,,,,,,,
,chunk,doc_0009_c01,,doc_0009_c01,,,,,,,,,no_coord,,,,,,,,,,,,,,,,,,,
,chunk,doc_0010_c00,,doc_0010_c00,,,,,,,,,no_coord,,,,,,,,,,,,,,,,,,,
,chunk,doc_0010_c01,,doc_0010_c01,,,,,,,,,no_coord,,,,,,,,,,,,,,,,,,,
,chunk,doc_0011_c00,,doc_0011_c00,,,,,,,,,no_coord,,,,,,,,,,,,,,,,,,,
,chunk,doc_0011_c01,,doc_0011_c01,,,,,,,,,no_coord,,,,,,,,,,,,,,,,,,,
,chunk,doc_0011_c02,,doc_0011_c02,,,,,,,,,no_coord,,,,,,,,,,,,,,,,,,,
,chunk,doc_0012_c00,,doc_0012_c00,,,,,,,,,no_coord,,,,,,,,,,,,,,,,,,,
,chunk,doc_0012_c01,,doc_0012_c01,,,,,,,,,no_coord,,,,,,,,,,,,,,,,,,,
,chunk,doc_0012_c02,,doc_0012_c02,,,,,,,,,no_coord,,,,,,,,,,,,,,,,,,,
,chunk,doc_0013_c00,,doc_0013_c00,,,,,,,,,no_coord,,,,,,,,,,,,,,,,,,,
,chunk,doc_0013_c01,,doc_0013_c01,,,,,,,,,no_coord,,,,,,,,,,,,,,,,,,,
,chunk,doc_0014_c00,,doc_0014_c00,,,,,,,,,no_coord,,,,,,,,,,,,,,,,,,,
,chunk,doc_0014_c01,,doc_0014_c01,,,,,,,,,no_coord,,,,,,,,,,,,,,,,,,,
,chunk,doc_0015_c00,,doc_0015_c00,,,,,,,,,no_coord,,,,,,,,,,,,,,,,,,,
,chunk,doc_0015_c01,,doc_0015_c01,,,,,,,,,no_coord,,,,,,,,,,,,,,,,,,,
,chunk,doc_0015_c02,,doc_0015_c02,,,,,,,,,no_coord,,,,,,,,,,,,,,,,,,,
,chunk,doc_0016_c00,,doc_0016_c00,,,,,,,,,no_coord,,,,,,,,,,,,,,,,,,,
,chunk,doc_0016_c01,,doc_0016_c01,,,,,,,,,no_coord,,,,,,,,,,,,,,,,,,,
,chunk,doc_0017_c00,,doc_0017_c00,,,,,,,,,no_coord,,,,,,,,,,,,,,,,,,,
,chunk,doc_0017_c01,,doc_0017_c01,,,,,,,,,no_coord,,,,,,,,,,,,,,,,,,,
,chunk,doc_0017_c02,,doc_0017_c02,,,,,,,,,no_coord,,,,,,,,,,,,,,,,,,,
,chunk,doc_0018_c00,,doc_0018_c00,,,,,,,,,no_coord,,,,,,,,,,,,,,,,,,,
,chunk,doc_0018_c01,,doc_0018_c01,,,,,,,,,no_coord,,,,,,,,,,,,,,,,,,,
,chunk,doc_0018_c02,,doc_0018_c02,,,,,,,,,no_coord,,,,,,,,,,,,,,,,,,,
,chunk,doc_0019_c00,,doc_0019_c00,,,,,,,,,no_coord,,,,,,,,,,,,,,,,,,,
,chunk,doc_0019_c01,,doc_0019_c01,,,,,,,,,no_coord,,,,,,,,,,,,,,,,,,,
,chunk,doc_0020_c00,,doc_0020_c00,,,,,,,,,no_coord,,,,,,,,,,,,,,,,,,,
,chunk,doc_0020_c01,,doc_0020_c01,,,,,,,,,no_coord,,,,,,,,,,,,,,,,,,,
,chunk,doc_0021_c00,,doc_0021_c00,,,,,,,,,no_coord,,,,,,,,,,,,,,,,,,,
,chunk,doc_0022_c00,,doc_0022_c00,,,,,,,,,no_coord,,,,,,,,,,,,,,,,,,,
,chunk,doc_0022_c01,,doc_0022_c01,,,,,,,,,no_coord,,,,,,,,,,,,,,,,,,,
,chunk,doc_0023_c00,,doc_0023_c00,,,,,,,,,no_coord,,,,,,,,,,,,,,,,,,,
,chunk,doc_0024_c00,,doc_0024_c00,,,,,,,,,no_coord,,,,,,,,,,,,,,,,,,,
,chunk,doc_0024_c01,,doc_0024_c01,,,,,,,,,no_coord,,,,,,,,,,,,,,,,,,,
,chunk,doc_0025_c00,,doc_0025_c00,,,,,,,,,no_coord,,,,,,,,,,,,,,,,,,,
,chunk,doc_0025_c01,,doc_0025_c01,,,,,,,,,no_coord,,,,,,,,,,,,,,,,,,,
,chunk,doc_0026_c00,,doc_0026_c00,,,,,,,,,no_coord,,,,,,,,,,,,,,,,,,,
,chunk,doc_0026_c01,,doc_0026_c01,,,,,,,,,no_coord,,,,,,,,,,,,,,,,,,,
,chunk,doc_0027_c00,,doc_0027_c00,,,,,,,,,no_coord,,,,,,,,,,,,,,,,,,,
,chunk,doc_0027_c01,,doc_0027_c01,,,,,,,,,no_coord,,,,,,,,,,,,,,,,,,,
,chunk,doc_0028_c00,,doc_0028_c00,,,,,,,,,no_coord,,,,,,,,,,,,,,,,,,,
,chunk,doc_0028_c01,,doc_0028_c01,,,,,,,,,no_coord,,,,,,,,,,,,,,,,,,,
,chunk,doc_0029_c00,,doc_0029_c00,,,,,,,,,no_coord,,,,,,,,,,,,,,,,,,,
,chunk,doc_0029_c01,,doc_0029_c01,,,,,,,,,no_coord,,,,,,,,,,,,,,,,,,,
,chunk,doc_0030_c00,,doc_0030_c00,,,,,,,,,no_coord,,,,,,,,,,,,,,,,,,,
,chunk,doc_0030_c01,,doc_0030_c01,,,,,,,,,no_coord,,,,,,,,,,,,,,,,,,,
,chunk,doc_0031_c00,,doc_0031_c00,,,,,,,,,no_coord,,,,,,,,,,,,,,,,,,,
,chunk,doc_0031_c01,,doc_0031_c01,,,,,,,,,no_coord,,,,,,,,,,,,,,,,,,,
,chunk,doc_0032_c00,,doc_0032_c00,,,,,,,,,no_coord,,,,,,,,,,,,,,,,,,,
,chunk,doc_0032_c01,,doc_0032_c01,,,,,,,,,no_coord,,,,,,,,,,,,,,,,,,,
,chunk,doc_0033_c00,,doc_0033_c00,,,,,,,,,no_coord,,,,,,,,,,,,,,,,,,,
,chunk,doc_0033_c01,,doc_0033_c01,,,,,,,,,no_coord,,,,,,,,,,,,,,,,,,,
,chunk,doc_0034_c00,,doc_0034_c00,,,,,,,,,no_coord,,,,,,,,,,,,,,,,,,,
,chunk,doc_0034_c01,,doc_0034_c01,,,,,,,,,no_coord,,,,,,,,,,,,,,,,,,,
,chunk,doc_0035_c00,,doc_0035_c00,,,,,,,,,no_coord,,,,,,,,,,,,,,,,,,,
,chunk,doc_0035_c01,,doc_0035_c01,,,,,,,,,no_coord,,,,,,,,,,,,,,,,,,,
,chunk,doc_0036_c00,,doc_0036_c00,,,,,,,,,no_coord,,,,,,,,,,,,,,,,,,,
,chunk,doc_0036_c01,,doc_0036_c01,,,,,,,,,no_coord,,,,,,,,,,,,,,,,,,,
,chunk,doc_0037_c00,,doc_0037_c00,,,,,,,,,no_coord,,,,,,,,,,,,,,,,,,,
85,chunk,doc_0038_c00,plc_002,doc_0038_c00,달성,달성,대구광역시 달성군,대구광역시,35.7753000,128.4312000,329373.23,354091.74,ok,57.81,4.387,320.731,300.003,-35.261,93.071,96.793,9.594,-32.098,-7.868,140.861,176.25,58.501,16.048,-32.43,-36.739,1962,8,51.36
86,chunk,doc_0039_c00,plc_002,doc_0039_c00,달성,달성,대구광역시 달성군,대구광역시,35.7753000,128.4312000,329373.23,354091.74,ok,57.81,4.387,320.731,300.003,-35.261,93.071,96.793,9.594,-32.098,-7.868,140.861,176.25,58.501,16.048,-32.43,-36.739,1962,8,51.36
87,chunk,doc_0040_c00,plc_002,doc_0040_c00,달성,달성,대구광역시 달성군,대구광역시,35.7753000,128.4312000,329373.23,354091.74,ok,57.81,4.387,320.731,300.003,-35.261,93.071,96.793,9.594,-32.098,-7.868,140.861,176.25,58.501,16.048,-32.43,-36.739,1962,8,51.36
88,chunk,doc_0041_c00,plc_002,doc_0041_c00,달성,달성,대구광역시 달성군,대구광역시,35.7753000,128.4312000,329373.23,354091.74,ok,57.81,4.387,320.731,300.003,-35.261,93.071,96.793,9.594,-32.098,-7.868,140.861,176.25,58.501,16.048,-32.43,-36.739,1962,8,51.36
89,chunk,doc_0042_c00,plc_002,doc_0042_c00,달성,달성,대구광역시 달성군,대구광역시,35.7753000,128.4312000,329373.23,354091.74,ok,57.81,4.387,320.731,300.003,-35.261,93.071,96.793,9.594,-32.098,-7.868,140.861,176.25,58.501,16.048,-32.43,-36.739,1962,8,51.36
90,chunk,doc_0043_c00,plc_002,doc_0043_c00,달성,달성,대구광역시 달성군,대구광역시,35.7753000,128.4312000,329373.23,354091.74,ok,57.81,4.387,320.731,300.003,-35.261,93.071,96.793,9.594,-32.098,-7.868,140.861,176.25,58.501,16.048,-32.43,-36.739,1962,8,51.36
91,chunk,doc_0044_c00,plc_002,doc_0044_c00,달성,달성,대구광역시 달성군,대구광역시,35.7753000,128.4312000,329373.23,354091.74,ok,57.81,4.387,320.731,300.003,-35.261,93.071,96.793,9.594,-32.098,-7.868,140.861,176.25,58.501,16.048,-32.43,-36.739,1962,8,51.36
92,chunk,doc_0045_c00,plc_002,doc_0045_c00,달성,달성,대구광역시 달성군,대구광역시,35.7753000,128.4312000,329373.23,354091.74,ok,57.81,4.387,320.731,300.003,-35.261,93.071,96.793,9.594,-32.098,-7.868,140.861,176.25,58.501,16.048,-32.43,-36.739,1962,8,51.36
93,chunk,doc_0046_c00,plc_002,doc_0046_c00,달성,달성,대구광역시 달성군,대구광역시,35.7753000,128.4312000,329373.23,354091.74,ok,57.81,4.387,320.731,300.003,-35.261,93.071,96.793,9.594,-32.098,-7.868,140.861,176.25,58.501,16.048,-32.43,-36.739,1962,8,51.36
94,chunk,doc_0047_c00,plc_002,doc_0047_c00,달성,달성,대구광역시 달성군,대구광역시,35.7753000,128.4312000,329373.23,354091.74,ok,57.81,4.387,320.731,300.003,-35.261,93.071,96.793,9.594,-32.098,-7.868,140.861,176.25,58.501,16.048,-32.43,-36.739,1962,8,51.36
95,chunk,doc_0048_c00,plc_002,doc_0048_c00,달성,달성,대구광역시 달성군,대구광역시,35.7753000,128.4312000,329373.23,354091.74,ok,57.81,4.387,320.731,300.003,-35.261,93.071,96.793,9.594,-32.098,-7.868,140.861,176.25,58.501,16.048,-32.43,-36.739,1962,8,51.36
96,chunk,doc_0049_c00,plc_002,doc_0049_c00,달성,달성,대구광역시 달성군,대구광역시,35.7753000,128.4312000,329373.23,354091.74,ok,57.81,4.387,320.731,300.003,-35.261,93.071,96.793,9.594,-32.098,-7.868,140.861,176.25,58.501,16.048,-32.43,-36.739,1962,8,51.36
97,chunk,doc_0050_c00,plc_002,doc_0050_c00,달성,달성,대구광역시 달성군,대구광역시,35.7753000,128.4312000,329373.23,354091.74,ok,57.81,4.387,320.731,300.003,-35.261,93.071,96.793,9.594,-32.098,-7.868,140.861,176.25,58.501,16.048,-32.43,-36.739,1962,8,51.36
98,chunk,doc_0051_c00,plc_002,doc_0051_c00,달성,달성,대구광역시 달성군,대구광역시,35.7753000,128.4312000,329373.23,354091.74,ok,57.81,4.387,320.731,300.003,-35.261,93.071,96.793,9.594,-32.098,-7.868,140.861,176.25,58.501,16.048,-32.43,-36.739,1962,8,51.36
99,chunk,doc_0052_c00,plc_002,doc_0052_c00,달성,달성,대구광역시 달성군,대구광역시,35.7753000,128.4312000,329373.23,354091.74,ok,57.81,4.387,320.731,300.003,-35.261,93.071,96.793,9.594,-32.098,-7.868,140.861,176.25,58.501,16.048,-32.43,-36.739,1962,8,51.36
100,chunk,doc_0053_c00,plc_002,doc_0053_c00,달성,달성,대구광역시 달성군,대구광역시,35.7753000,128.4312000,329373.23,354091.74,ok,57.81,4.387,320.731,300.003,-35.261,93.071,96.793,9.594,-32.098,-7.868,140.861,176.25,58.501,16.048,-32.43,-36.739,1962,8,51.36
101,chunk,doc_0054_c00,plc_002,doc_0054_c00,달성,달성,대구광역시 달성군,대구광역시,35.7753000,128.4312000,329373.23,354091.74,ok,57.81,4.387,320.731,300.003,-35.261,93.071,96.793,9.594,-32.098,-7.868,140.861,176.25,58.501,16.048,-32.43,-36.739,1962,8,51.36
102,chunk,doc_0055_c00,plc_002,doc_0055_c00,달성,달성,대구광역시 달성군,대구광역시,35.7753000,128.4312000,329373.23,354091.74,ok,57.81,4.387,320.731,300.003,-35.261,93.071,96.793,9.594,-32.098,-7.868,140.861,176.25,58.501,16.048,-32.43,-36.739,1962,8,51.36
103,chunk,doc_0056_c00,plc_002,doc_0056_c00,달성,달성,대구광역시 달성군,대구광역시,35.7753000,128.4312000,329373.23,354091.74,ok,57.81,4.387,320.731,300.003,-35.261,93.071,96.793,9.594,-32.098,-7.868,140.861,176.25,58.501,16.048,-32.43,-36.739,1962,8,51.36
104,chunk,doc_0057_c00,plc_002,doc_0057_c00,달성,달성,대구광역시 달성군,대구광역시,35.7753000,128.4312000,329373.23,354091.74,ok,57.81,4.387,320.731,300.003,-35.261,93.071,96.793,9.594,-32.098,-7.868,140.861,176.25,58.501,16.048,-32.43,-36.739,1962,8,51.36
105,chunk,doc_0058_c00,plc_002,doc_0058_c00,달성,달성,대구광역시 달성군,대구광역시,35.7753000,128.4312000,329373.23,354091.74,ok,57.81,4.387,320.731,300.003,-35.261,93.071,96.793,9.594,-32.098,-7.868,140.861,176.25,58.501,16.048,-32.43,-36.739,1962,8,51.36
106,chunk,doc_0059_c00,plc_002,doc_0059_c00,달성,달성,대구광역시 달성군,대구광역시,35.7753000,128.4312000,329373.23,354091.74,ok,57.81,4.387,320.731,300.003,-35.261,93.071,96.793,9.594,-32.098,-7.868,140.861,176.25,58.501,16.048,-32.43,-36.739,1962,8,51.36
107,chunk,doc_0060_c00,plc_001,doc_0060_c00,대구,대구,대구광역시,대구광역시,35.8713000,128.6018000,344653.02,364914.57,ok,40.84,0.523,9.907,22.702,-3.451,44.291,7.293,1.223,-3.582,3.573,8.343,6.824,10.276,7.734,-0.603,-5.517,3318,8,36.74
108,chunk,doc_0061_c00,plc_001,doc_0061_c00,대구,대구,대구광역시,대구광역시,35.8713000,128.6018000,344653.02,364914.57,ok,40.84,0.523,9.907,22.702,-3.451,44.291,7.293,1.223,-3.582,3.573,8.343,6.824,10.276,7.734,-0.603,-5.517,3318,8,36.74
109,chunk,doc_0062_c00,plc_001,doc_0062_c00,대구,대구,대구광역시,대구광역시,35.8713000,128.6018000,344653.02,364914.57,ok,40.84,0.523,9.907,22.702,-3.451,44.291,7.293,1.223,-3.582,3.573,8.343,6.824,10.276,7.734,-0.603,-5.517,3318,8,36.74
110,chunk,doc_0063_c00,plc_001,doc_0063_c00,대구,대구,대구광역시,대구광역시,35.8713000,128.6018000,344653.02,364914.57,ok,40.84,0.523,9.907,22.702,-3.451,44.291,7.293,1.223,-3.582,3.573,8.343,6.824,10.276,7.734,-0.603,-5.517,3318,8,36.74
111,chunk,doc_0064_c00,plc_001,doc_0064_c00,대구,대구,대구광역시,대구광역시,35.8713000,128.6018000,344653.02,364914.57,ok,40.84,0.523,9.907,22.702,-3.451,44.291,7.293,1.223,-3.582,3.573,8.343,6.824,10.276,7.734,-0.603,-5.517,3318,8,36.74
112,chunk,doc_0065_c00,plc_001,doc_0065_c00,대구,대구,대구광역시,대구광역시,35.8713000,128.6018000,344653.02,364914.57,ok,40.84,0.523,9.907,22.702,-3.451,44.291,7.293,1.223,-3.582,3.573,8.343,6.824,10.276,7.734,-0.603,-5.517,3318,8,36.74
113,chunk,doc_0066_c00,plc_001,doc_0066_c00,대구,대구,대구광역시,대구광역시,35.8713000,128.6018000,344653.02,364914.57,ok,40.84,0.523,9.907,22.702,-3.451,44.291,7.293,1.223,-3.582,3.573,8.343,6.824,10.276,7.734,-0.603,-5.517,3318,8,36.74
114,chunk,doc_0067_c00,plc_001,doc_0067_c00,대구,대구,대구광역시,대구광역시,35.8713000,128.6018000,344653.02,364914.57,ok,40.84,0.523,9.907,22.702,-3.451,44.291,7.293,1.223,-3.582,3.573,8.343,6.824,10.276,7.734,-0.603,-5.517,3318,8,36.74
115,chunk,doc_0068_c00,plc_001,doc_0068_c00,대구,대구,대구광역시,대구광역시,35.8713000,128.6018000,344653.02,364914.57,ok,40.84,0.523,9.907,22.702,-3.451,44.291,7.293,1.223,-3.582,3.573,8.343,6.824,10.276,7.734,-0.603,-5.517,3318,8,36.74
116,chunk,doc_0069_c00,plc_001,doc_0069_c00,대구,대구,대구광역시,대구광역시,35.8713000,128.6018000,344653.02,364914.57,ok,40.84,0.523,9.907,22.702,-3.451,44.291,7.293,1.223,-3.582,3.573,8.343,6.824,10.276,7.734,-0.603,-5.517,3318,8,36.74
117,chunk,doc_0070_c00,plc_001,doc_0070_c00,대구,대구,대구광역시,대구광역시,35.8713000,128.6018000,344653.02,364914.57,ok,40.84,0.523,9.907,22.702,-3.451,44.291,7.293,1.223,-3.582,3.573,8.343,6.824,10.276,7.734,-0.603,-5.517,3318,8,36.74
118,chunk,doc_0071_c00,plc_001,doc_0071_c00,대구,대구,대구광역시,대구광역시,35.8713000,128.6018000,344653.02,364914.57,ok,40.84,0.523,9.907,22.702,-3.451,44.291,7.293,1.223,-3.582,3.573,8.343,6.824,10.276,7.734,-0.603,-5.517,3318,8,36.74
119,chunk,doc_0072_c00,plc_001,doc_0072_c00,대구,대구,대구광역시,대구광역시,35.8713000,128.6018000,344653.02,364914.57,ok,40.84,0.523,9.907,22.702,-3.451,44.291,7.293,1.223,-3.582,3.573,8.343,6.824,10.276,7.734,-0.603,-5.517,3318,8,36.74
120,chunk,doc_0073_c00,plc_003,doc_0073_c00,청도,청도,경상북도 청도군,경상북도,35.6473012,128.7348468,357077.41,340258.55,ok,90.96,2.406,49.773,342.72,-61.298,152.258,112.496,11.623,9.692,4.407,-3.802,36.515,239.949,191.896,24.476,-12.503,1961,8,58.65
121,chunk,doc_0074_c00,plc_003,doc_0074_c00,청도,청도,경상북도 청도군,경상북도,35.6473012,128.7348468,357077.41,340258.55,ok,90.96,2.406,49.773,342.72,-61.298,152.258,112.496,11.623,9.692,4.407,-3.802,36.515,239.949,191.896,24.476,-12.503,1961,8,58.65
122,chunk,doc_0075_c00,plc_003,doc_0075_c00,청도,청도,경상북도 청도군,경상북도,35.6473012,128.7348468,357077.41,340258.55,ok,90.96,2.406,49.773,342.72,-61.298,152.258,112.496,11.623,9.692,4.407,-3.802,36.515,239.949,191.896,24.476,-12.503,1961,8,58.65
123,chunk,doc_0076_c00,plc_003,doc_0076_c00,청도,청도,경상북도 청도군,경상북도,35.6473012,128.7348468,357077.41,340258.55,ok,90.96,2.406,49.773,342.72,-61.298,152.258,112.496,11.623,9.692,4.407,-3.802,36.515,239.949,191.896,24.476,-12.503,1961,8,58.65
124,chunk,doc_0077_c00,plc_003,doc_0077_c00,청도,청도,경상북도 청도군,경상북도,35.6473012,128.7348468,357077.41,340258.55,ok,90.96,2.406,49.773,342.72,-61.298,152.258,112.496,11.623,9.692,4.407,-3.802,36.515,239.949,191.896,24.476,-12.503,1961,8,58.65
125,chunk,doc_0078_c00,plc_003,doc_0078_c00,청도,청도,경상북도 청도군,경상북도,35.6473012,128.7348468,357077.41,340258.55,ok,90.96,2.406,49.773,342.72,-61.298,152.258,112.496,11.623,9.692,4.407,-3.802,36.515,239.949,191.896,24.476,-12.503,1961,8,58.65
126,chunk,doc_0079_c00,plc_003,doc_0079_c00,청도,청도,경상북도 청도군,경상북도,35.6473012,128.7348468,357077.41,340258.55,ok,90.96,2.406,49.773,342.72,-61.298,152.258,112.496,11.623,9.692,4.407,-3.802,36.515,239.949,191.896,24.476,-12.503,1961,8,58.65
127,chunk,doc_0080_c00,plc_003,doc_0080_c00,청도,청도,경상북도 청도군,경상북도,35.6473012,128.7348468,357077.41,340258.55,ok,90.96,2.406,49.773,342.72,-61.298,152.258,112.496,11.623,9.692,4.407,-3.802,36.515,239.949,191.896,24.476,-12.503,1961,8,58.65
128,chunk,doc_0081_c00,plc_003,doc_0081_c00,청도,청도,경상북도 청도군,경상북도,35.6473012,128.7348468,357077.41,340258.55,ok,90.96,2.406,49.773,342.72,-61.298,152.258,112.496,11.623,9.692,4.407,-3.802,36.515,239.949,191.896,24.476,-12.503,1961,8,58.65
129,chunk,doc_0082_c00,plc_003,doc_0082_c00,청도,청도,경상북도 청도군,경상북도,35.6473012,128.7348468,357077.41,340258.55,ok,90.96,2.406,49.773,342.72,-61.298,152.258,112.496,11.623,9.692,4.407,-3.802,36.515,239.949,191.896,24.476,-12.503,1961,8,58.65
130,chunk,doc_0083_c00,plc_003,doc_0083_c00,청도,청도,경상북도 청도군,경상북도,35.6473012,128.7348468,357077.41,340258.55,ok,90.96,2.406,49.773,342.72,-61.298,152.258,112.496,11.623,9.692,4.407,-3.802,36.515,239.949,191.896,24.476,-12.503,1961,8,58.65
131,chunk,doc_0084_c00,plc_003,doc_0084_c00,청도,청도,경상북도 청도군,경상북도,35.6473012,128.7348468,357077.41,340258.55,ok,90.96,2.406,49.773,342.72,-61.298,152.258,112.496,11.623,9.692,4.407,-3.802,36.515,239.949,191.896,24.476,-12.503,1961,8,58.65
132,chunk,doc_0085_c00,plc_003,doc_0085_c00,청도,청도,경상북도 청도군,경상북도,35.6473012,128.7348468,357077.41,340258.55,ok,90.96,2.406,49.773,342.72,-61.298,152.258,112.496,11.623,9.692,4.407,-3.802,36.515,239.949,191.896,24.476,-12.503,1961,8,58.65
133,chunk,doc_0086_c00,plc_003,doc_0086_c00,청도,청도,경상북도 청도군,경상북도,35.6473012,128.7348468,357077.41,340258.55,ok,90.96,2.406,49.773,342.72,-61.298,152.258,112.496,11.623,9.692,4.407,-3.802,36.515,239.949,191.896,24.476,-12.503,1961,8,58.65
134,chunk,doc_0087_c00,plc_003,doc_0087_c00,청도,청도,경상북도 청도군,경상북도,35.6473012,128.7348468,357077.41,340258.55,ok,90.96,2.406,49.773,342.72,-61.298,152.258,112.496,11.623,9.692,4.407,-3.802,36.515,239.949,191.896,24.476,-12.503,1961,8,58.65
135,chunk,doc_0088_c00,plc_003,doc_0088_c00,청도,청도,경상북도 청도군,경상북도,35.6473012,128.7348468,357077.41,340258.55,ok,90.96,2.406,49.773,342.72,-61.298,152.258,112.496,11.623,9.692,4.407,-3.802,36.515,239.949,191.896,24.476,-12.503,1961,8,58.65
136,chunk,doc_0089_c00,plc_003,doc_0089_c00,청도,청도,경상북도 청도군,경상북도,35.6473012,128.7348468,357077.41,340258.55,ok,90.96,2.406,49.773,342.72,-61.298,152.258,112.496,11.623,9.692,4.407,-3.802,36.515,239.949,191.896,24.476,-12.503,1961,8,58.65
137,chunk,doc_0090_c00,plc_003,doc_0090_c00,청도,청도,경상북도 청도군,경상북도,35.6473012,128.7348468,357077.41,340258.55,ok,90.96,2.406,49.773,342.72,-61.298,152.258,112.496,11.623,9.692,4.407,-3.802,36.515,239.949,191.896,24.476,-12.503,1961,8,58.65
138,chunk,doc_0091_c00,plc_003,doc_0091_c00,청도,청도,경상북도 청도군,경상북도,35.6473012,128.7348468,357077.41,340258.55,ok,90.96,2.406,49.773,342.72,-61.298,152.258,112.496,11.623,9.692,4.407,-3.802,36.515,239.949,191.896,24.476,-12.503,1961,8,58.65
139,chunk,doc_0092_c00,plc_003,doc_0092_c00,청도,청도,경상북도 청도군,경상북도,35.6473012,128.7348468,357077.41,340258.55,ok,90.96,2.406,49.773,342.72,-61.298,152.258,112.496,11.623,9.692,4.407,-3.802,36.515,239.949,191.896,24.476,-12.503,1961,8,58.65
140,chunk,doc_0093_c00,plc_003,doc_0093_c00,청도,청도,경상북도 청도군,경상북도,35.6473012,128.7348468,357077.41,340258.55,ok,90.96,2.406,49.773,342.72,-61.298,152.258,112.496,11.623,9.692,4.407,-3.802,36.515,239.949,191.896,24.476,-12.503,1961,8,58.65
141,chunk,doc_0094_c00,plc_003,doc_0094_c00,청도,청도,경상북도 청도군,경상북도,35.6473012,128.7348468,357077.41,340258.55,ok,90.96,2.406,49.773,342.72,-61.298,152.258,112.496,11.623,9.692,4.407,-3.802,36.515,239.949,191.896,24.476,-12.503,1961,8,58.65
142,chunk,doc_0095_c00,plc_003,doc_0095_c00,청도,청도,경상북도 청도군,경상북도,35.6473012,128.7348468,357077.41,340258.55,ok,90.96,2.406,49.773,342.72,-61.298,152.258,112.496,11.623,9.692,4.407,-3.802,36.515,239.949,191.896,24.476,-12.503,1961,8,58.65
143,chunk,doc_0096_c00,plc_004,doc_0096_c00,밀양,밀양,경상남도 밀양시,경상남도,35.5038390,128.7466992,358496.23,324383.78,ok,27.11,2.097,196.662,186.87,-26.282,53.392,62.2,6.998,130.425,57.772,45.229,-4.08,-16.065,-12.395,-7.107,16.581,1961,8,22.7
144,chunk,doc_0097_c00,plc_004,doc_0097_c00,밀양,밀양,경상남도 밀양시,경상남도,35.5038390,128.7466992,358496.23,324383.78,ok,27.11,2.097,196.662,186.87,-26.282,53.392,62.2,6.998,130.425,57.772,45.229,-4.08,-16.065,-12.395,-7.107,16.581,1961,8,22.7
145,chunk,doc_0098_c00,plc_004,doc_0098_c00,밀양,밀양,경상남도 밀양시,경상남도,35.5038390,128.7466992,358496.23,324383.78,ok,27.11,2.097,196.662,186.87,-26.282,53.392,62.2,6.998,130.425,57.772,45.229,-4.08,-16.065,-12.395,-7.107,16.581,1961,8,22.7
146,chunk,doc_0099_c00,plc_004,doc_0099_c00,밀양,밀양,경상남도 밀양시,경상남도,35.5038390,128.7466992,358496.23,324383.78,ok,27.11,2.097,196.662,186.87,-26.282,53.392,62.2,6.998,130.425,57.772,45.229,-4.08,-16.065,-12.395,-7.107,16.581,1961,8,22.7
147,chunk,doc_0100_c00,plc_004,doc_0100_c00,밀양,밀양,경상남도 밀양시,경상남도,35.5038390,128.7466992,358496.23,324383.78,ok,27.11,2.097,196.662,186.87,-26.282,53.392,62.2,6.998,130.425,57.772,45.229,-4.08,-16.065,-12.395,-7.107,16.581,1961,8,22.7
148,chunk,doc_0101_c00,plc_004,doc_0101_c00,밀양,밀양,경상남도 밀양시,경상남도,35.5038390,128.7466992,358496.23,324383.78,ok,27.11,2.097,196.662,186.87,-26.282,53.392,62.2,6.998,130.425,57.772,45.229,-4.08,-16.065,-12.395,-7.107,16.581,1961,8,22.7
149,chunk,doc_0102_c00,plc_004,doc_0102_c00,밀양,밀양,경상남도 밀양시,경상남도,35.5038390,128.7466992,358496.23,324383.78,ok,27.11,2.097,196.662,186.87,-26.282,53.392,62.2,6.998,130.425,57.772,45.229,-4.08,-16.065,-12.395,-7.107,16.581,1961,8,22.7
150,chunk,doc_0103_c00,plc_004,doc_0103_c00,밀양,밀양,경상남도 밀양시,경상남도,35.5038390,128.7466992,358496.23,324383.78,ok,27.11,2.097,196.662,186.87,-26.282,53.392,62.2,6.998,130.425,57.772,45.229,-4.08,-16.065,-12.395,-7.107,16.581,1961,8,22.7
151,chunk,doc_0104_c00,plc_004,doc_0104_c00,밀양,밀양,경상남도 밀양시,경상남도,35.5038390,128.7466992,358496.23,324383.78,ok,27.11,2.097,196.662,186.87,-26.282,53.392,62.2,6.998,130.425,57.772,45.229,-4.08,-16.065,-12.395,-7.107,16.581,1961,8,22.7
152,chunk,doc_0105_c00,plc_004,doc_0105_c00,밀양,밀양,경상남도 밀양시,경상남도,35.5038390,128.7466992,358496.23,324383.78,ok,27.11,2.097,196.662,186.87,-26.282,53.392,62.2,6.998,130.425,57.772,45.229,-4.08,-16.065,-12.395,-7.107,16.581,1961,8,22.7
153,chunk,doc_0106_c00,plc_004,doc_0106_c00,밀양,밀양,경상남도 밀양시,경상남도,35.5038390,128.7466992,358496.23,324383.78,ok,27.11,2.097,196.662,186.87,-26.282,53.392,62.2,6.998,130.425,57.772,45.229,-4.08,-16.065,-12.395,-7.107,16.581,1961,8,22.7
154,chunk,doc_0107_c00,plc_004,doc_0107_c00,밀양,밀양,경상남도 밀양시,경상남도,35.5038390,128.7466992,358496.23,324383.78,ok,27.11,2.097,196.662,186.87,-26.282,53.392,62.2,6.998,130.425,57.772,45.229,-4.08,-16.065,-12.395,-7.107,16.581,1961,8,22.7
155,chunk,doc_0108_c00,plc_004,doc_0108_c00,밀양,밀양,경상남도 밀양시,경상남도,35.5038390,128.7466992,358496.23,324383.78,ok,27.11,2.097,196.662,186.87,-26.282,53.392,62.2,6.998,130.425,57.772,45.229,-4.08,-16.065,-12.395,-7.107,16.581,1961,8,22.7
156,chunk,doc_0109_c00,plc_004,doc_0109_c00,밀양,밀양,경상남도 밀양시,경상남도,35.5038390,128.7466992,358496.23,324383.78,ok,27.11,2.097,196.662,186.87,-26.282,53.392,62.2,6.998,130.425,57.772,45.229,-4.08,-16.065,-12.395,-7.107,16.581,1961,8,22.7
157,chunk,doc_0110_c00,plc_004,doc_0110_c00,밀양,밀양,경상남도 밀양시,경상남도,35.5038390,128.7466992,358496.23,324383.78,ok,27.11,2.097,196.662,186.87,-26.282,53.392,62.2,6.998,130.425,57.772,45.229,-4.08,-16.065,-12.395,-7.107,16.581,1961,8,22.7
158,chunk,doc_0111_c00,plc_004,doc_0111_c00,밀양,밀양,경상남도 밀양시,경상남도,35.5038390,128.7466992,358496.23,324383.78,ok,27.11,2.097,196.662,186.87,-26.282,53.392,62.2,6.998,130.425,57.772,45.229,-4.08,-16.065,-12.395,-7.107,16.581,1961,8,22.7
159,chunk,doc_0112_c00,plc_004,doc_0112_c00,밀양,밀양,경상남도 밀양시,경상남도,35.5038390,128.7466992,358496.23,324383.78,ok,27.11,2.097,196.662,186.87,-26.282,53.392,62.2,6.998,130.425,57.772,45.229,-4.08,-16.065,-12.395,-7.107,16.581,1961,8,22.7
160,chunk,doc_0113_c00,plc_004,doc_0113_c00,밀양,밀양,경상남도 밀양시,경상남도,35.5038390,128.7466992,358496.23,324383.78,ok,27.11,2.097,196.662,186.87,-26.282,53.392,62.2,6.998,130.425,57.772,45.229,-4.08,-16.065,-12.395,-7.107,16.581,1961,8,22.7
161,chunk,doc_0114_c00,plc_004,doc_0114_c00,밀양,밀양,경상남도 밀양시,경상남도,35.5038390,128.7466992,358496.23,324383.78,ok,27.11,2.097,196.662,186.87,-26.282,53.392,62.2,6.998,130.425,57.772,45.229,-4.08,-16.065,-12.395,-7.107,16.581,1961,8,22.7
162,chunk,doc_0115_c00,plc_004,doc_0115_c00,밀양,밀양,경상남도 밀양시,경상남도,35.5038390,128.7466992,358496.23,324383.78,ok,27.11,2.097,196.662,186.87,-26.282,53.392,62.2,6.998,130.425,57.772,45.229,-4.08,-16.065,-12.395,-7.107,16.581,1961,8,22.7
163,chunk,doc_0116_c00,plc_004,doc_0116_c00,밀양,밀양,경상남도 밀양시,경상남도,35.5038390,128.7466992,358496.23,324383.78,ok,27.11,2.097,196.662,186.87,-26.282,53.392,62.2,6.998,130.425,57.772,45.229,-4.08,-16.065,-12.395,-7.107,16.581,1961,8,22.7
164,chunk,doc_0117_c00,plc_004,doc_0117_c00,밀양,밀양,경상남도 밀양시,경상남도,35.5038390,128.7466992,358496.23,324383.78,ok,27.11,2.097,196.662,186.87,-26.282,53.392,62.2,6.998,130.425,57.772,45.229,-4.08,-16.065,-12.395,-7.107,16.581,1961,8,22.7
165,chunk,doc_0118_c00,plc_004,doc_0118_c00,밀양,밀양,경상남도 밀양시,경상남도,35.5038390,128.7466992,358496.23,324383.78,ok,27.11,2.097,196.662,186.87,-26.282,53.392,62.2,6.998,130.425,57.772,45.229,-4.08,-16.065,-12.395,-7.107,16.581,1961,8,22.7
166,chunk,doc_0119_c00,plc_004,doc_0119_c00,밀양,밀양,경상남도 밀양시,경상남도,35.5038390,128.7466992,358496.23,324383.78,ok,27.11,2.097,196.662,186.87,-26.282,53.392,62.2,6.998,130.425,57.772,45.229,-4.08,-16.065,-12.395,-7.107,16.581,1961,8,22.7
167,chunk,doc_0120_c00,plc_004,doc_0120_c00,밀양,밀양,경상남도 밀양시,경상남도,35.5038390,128.7466992,358496.23,324383.78,ok,27.11,2.097,196.662,186.87,-26.282,53.392,62.2,6.998,130.425,57.772,45.229,-4.08,-16.065,-12.395,-7.107,16.581,1961,8,22.7
168,chunk,doc_0121_c00,plc_004,doc_0121_c00,밀양,밀양,경상남도 밀양시,경상남도,35.5038390,128.7466992,358496.23,324383.78,ok,27.11,2.097,196.662,186.87,-26.282,53.392,62.2,6.998,130.425,57.772,45.229,-4.08,-16.065,-12.395,-7.107,16.581,1961,8,22.7
169,chunk,doc_0122_c00,plc_004,doc_0122_c00,밀양,밀양,경상남도 밀양시,경상남도,35.5038390,128.7466992,358496.23,324383.78,ok,27.11,2.097,196.662,186.87,-26.282,53.392,62.2,6.998,130.425,57.772,45.229,-4.08,-16.065,-12.395,-7.107,16.581,1961,8,22.7
170,chunk,doc_0123_c00,plc_004,doc_0123_c00,밀양,밀양,경상남도 밀양시,경상남도,35.5038390,128.7466992,358496.23,324383.78,ok,27.11,2.097,196.662,186.87,-26.282,53.392,62.2,6.998,130.425,57.772,45.229,-4.08,-16.065,-12.395,-7.107,16.581,1961,8,22.7
171,chunk,doc_0124_c00,plc_005,doc_0124_c00,창녕,창녕,경상남도 창녕군,경상남도,35.5443876,128.4921938,335324.79,328472.11,ok,67.94,3.571,190.605,222.91,-14.48,82.42,70.435,6.986,-18.733,27.274,131.687,61.83,2.597,-26.47,-28.174,-34.117,1961,8,45.45
172,chunk,doc_0125_c00,plc_005,doc_0125_c00,창녕,창녕,경상남도 창녕군,경상남도,35.5443876,128.4921938,335324.79,328472.11,ok,67.94,3.571,190.605,222.91,-14.48,82.42,70.435,6.986,-18.733,27.274,131.687,61.83,2.597,-26.47,-28.174,-34.117,1961,8,45.45
173,chunk,doc_0126_c00,plc_005,doc_0126_c00,창녕,창녕,경상남도 창녕군,경상남도,35.5443876,128.4921938,335324.79,328472.11,ok,67.94,3.571,190.605,222.91,-14.48,82.42,70.435,6.986,-18.733,27.274,131.687,61.83,2.597,-26.47,-28.174,-34.117,1961,8,45.45
174,chunk,doc_0127_c00,plc_005,doc_0127_c00,창녕,창녕,경상남도 창녕군,경상남도,35.5443876,128.4921938,335324.79,328472.11,ok,67.94,3.571,190.605,222.91,-14.48,82.42,70.435,6.986,-18.733,27.274,131.687,61.83,2.597,-26.47,-28.174,-34.117,1961,8,45.45
175,chunk,doc_0128_c00,plc_005,doc_0128_c00,창녕,창녕,경상남도 창녕군,경상남도,35.5443876,128.4921938,335324.79,328472.11,ok,67.94,3.571,190.605,222.91,-14.48,82.42,70.435,6.986,-18.733,27.274,131.687,61.83,2.597,-26.47,-28.174,-34.117,1961,8,45.45
176,chunk,doc_0129_c00,plc_005,doc_0129_c00,창녕,창녕,경상남도 창녕군,경상남도,35.5443876,128.4921938,335324.79,328472.11,ok,67.94,3.571,190.605,222.91,-14.48,82.42,70.435,6.986,-18.733,27.274,131.687,61.83,2.597,-26.47,-28.174,-34.117,1961,8,45.45
177,chunk,doc_0130_c00,plc_005,doc_0130_c00,창녕,창녕,경상남도 창녕군,경상남도,35.5443876,128.4921938,335324.79,328472.11,ok,67.94,3.571,190.605,222.91,-14.48,82.42,70.435,6.986,-18.733,27.274,131.687,61.83,2.597,-26.47,-28.174,-34.117,1961,8,45.45
178,chunk,doc_0131_c00,plc_005,doc_0131_c00,창녕,창녕,경상남도 창녕군,경상남도,35.5443876,128.4921938,335324.79,328472.11,ok,67.94,3.571,190.605,222.91,-14.48,82.42,70.435,6.986,-18.733,27.274,131.687,61.83,2.597,-26.47,-28.174,-34.117,1961,8,45.45
179,chunk,doc_0132_c00,plc_005,doc_0132_c00,창녕,창녕,경상남도 창녕군,경상남도,35.5443876,128.4921938,335324.79,328472.11,ok,67.94,3.571,190.605,222.91,-14.48,82.42,70.435,6.986,-18.733,27.274,131.687,61.83,2.597,-26.47,-28.174,-34.117,1961,8,45.45
180,chunk,doc_0133_c00,plc_005,doc_0133_c00,창녕,창녕,경상남도 창녕군,경상남도,35.5443876,128.4921938,335324.79,328472.11,ok,67.94,3.571,190.605,222.91,-14.48,82.42,70.435,6.986,-18.733,27.274,131.687,61.83,2.597,-26.47,-28.174,-34.117,1961,8,45.45
181,chunk,doc_0134_c00,plc_005,doc_0134_c00,창녕,창녕,경상남도 창녕군,경상남도,35.5443876,128.4921938,335324.79,328472.11,ok,67.94,3.571,190.605,222.91,-14.48,82.42,70.435,6.986,-18.733,27.274,131.687,61.83,2.597,-26.47,-28.174,-34.117,1961,8,45.45
182,chunk,doc_0135_c00,plc_005,doc_0135_c00,창녕,창녕,경상남도 창녕군,경상남도,35.5443876,128.4921938,335324.79,328472.11,ok,67.94,3.571,190.605,222.91,-14.48,82.42,70.435,6.986,-18.733,27.274,131.687,61.83,2.597,-26.47,-28.174,-34.117,1961,8,45.45
183,chunk,doc_0136_c00,plc_005,doc_0136_c00,창녕,창녕,경상남도 창녕군,경상남도,35.5443876,128.4921938,335324.79,328472.11,ok,67.94,3.571,190.605,222.91,-14.48,82.42,70.435,6.986,-18.733,27.274,131.687,61.83,2.597,-26.47,-28.174,-34.117,1961,8,45.45
184,chunk,doc_0137_c00,plc_005,doc_0137_c00,창녕,창녕,경상남도 창녕군,경상남도,35.5443876,128.4921938,335324.79,328472.11,ok,67.94,3.571,190.605,222.91,-14.48,82.42,70.435,6.986,-18.733,27.274,131.687,61.83,2.597,-26.47,-28.174,-34.117,1961,8,45.45
185,chunk,doc_0138_c00,plc_005,doc_0138_c00,창녕,창녕,경상남도 창녕군,경상남도,35.5443876,128.4921938,335324.79,328472.11,ok,67.94,3.571,190.605,222.91,-14.48,82.42,70.435,6.986,-18.733,27.274,131.687,61.83,2.597,-26.47,-28.174,-34.117,1961,8,45.45
186,chunk,doc_0139_c00,plc_005,doc_0139_c00,창녕,창녕,경상남도 창녕군,경상남도,35.5443876,128.4921938,335324.79,328472.11,ok,67.94,3.571,190.605,222.91,-14.48,82.42,70.435,6.986,-18.733,27.274,131.687,61.83,2.597,-26.47,-28.174,-34.117,1961,8,45.45
187,chunk,doc_0140_c00,plc_005,doc_0140_c00,창녕,창녕,경상남도 창녕군,경상남도,35.5443876,128.4921938,335324.79,328472.11,ok,67.94,3.571,190.605,222.91,-14.48,82.42,70.435,6.986,-18.733,27.274,131.687,61.83,2.597,-26.47,-28.174,-34.117,1961,8,45.45
188,chunk,doc_0141_c00,plc_005,doc_0141_c00,창녕,창녕,경상남도 창녕군,경상남도,35.5443876,128.4921938,335324.79,328472.11,ok,67.94,3.571,190.605,222.91,-14.48,82.42,70.435,6.986,-18.733,27.274,131.687,61.83,2.597,-26.47,-28.174,-34.117,1961,8,45.45
189,chunk,doc_0142_c00,plc_005,doc_0142_c00,창녕,창녕,경상남도 창녕군,경상남도,35.5443876,128.4921938,335324.79,328472.11,ok,67.94,3.571,190.605,222.91,-14.48,82.42,70.435,6.986,-18.733,27.274,131.687,61.83,2.597,-26.47,-28.174,-34.117,1961,8,45.45
190,chunk,doc_0143_c00,plc_005,doc_0143_c00,창녕,창녕,경상남도 창녕군,경상남도,35.5443876,128.4921938,335324.79,328472.11,ok,67.94,3.571,190.605,222.91,-14.48,82.42,70.435,6.986,-18.733,27.274,131.687,61.83,2.597,-26.47,-28.174,-34.117,1961,8,45.45
191,chunk,doc_0144_c00,plc_005,doc_0144_c00,창녕,창녕,경상남도 창녕군,경상남도,35.5443876,128.4921938,335324.79,328472.11,ok,67.94,3.571,190.605,222.91,-14.48,82.42,70.435,6.986,-18.733,27.274,131.687,61.83,2.597,-26.47,-28.174,-34.117,1961,8,45.45
192,chunk,doc_0145_c00,plc_005,doc_0145_c00,창녕,창녕,경상남도 창녕군,경상남도,35.5443876,128.4921938,335324.79,328472.11,ok,67.94,3.571,190.605,222.91,-14.48,82.42,70.435,6.986,-18.733,27.274,131.687,61.83,2.597,-26.47,-28.174,-34.117,1961,8,45.45
193,chunk,doc_0146_c00,plc_005,doc_0146_c00,창녕,창녕,경상남도 창녕군,경상남도,35.5443876,128.4921938,335324.79,328472.11,ok,67.94,3.571,190.605,222.91,-14.48,82.42,70.435,6.986,-18.733,27.274,131.687,61.83,2.597,-26.47,-28.174,-34.117,1961,8,45.45
194,chunk,doc_0147_c00,plc_005,doc_0147_c00,창녕,창녕,경상남도 창녕군,경상남도,35.5443876,128.4921938,335324.79,328472.11,ok,67.94,3.571,190.605,222.91,-14.48,82.42,70.435,6.986,-18.733,27.274,131.687,61.83,2.597,-26.47,-28.174,-34.117,1961,8,45.45
195,chunk,doc_0148_c00,plc_005,doc_0148_c00,창녕,창녕,경상남도 창녕군,경상남도,35.5443876,128.4921938,335324.79,328472.11,ok,67.94,3.571,190.605,222.91,-14.48,82.42,70.435,6.986,-18.733,27.274,131.687,61.83,2.597,-26.47,-28.174,-34.117,1961,8,45.45
196,chunk,doc_0149_c00,plc_005,doc_0149_c00,창녕,창녕,경상남도 창녕군,경상남도,35.5443876,128.4921938,335324.79,328472.11,ok,67.94,3.571,190.605,222.91,-14.48,82.42,70.435,6.986,-18.733,27.274,131.687,61.83,2.597,-26.47,-28.174,-34.117,1961,8,45.45
197,chunk,doc_0150_c00,plc_005,doc_0150_c00,창녕,창녕,경상남도 창녕군,경상남도,35.5443876,128.4921938,335324.79,328472.11,ok,67.94,3.571,190.605,222.91,-14.48,82.42,70.435,6.986,-18.733,27.274,131.687,61.83,2.597,-26.47,-28.174,-34.117,1961,8,45.45
198,chunk,doc_0151_c00,plc_005,doc_0151_c00,창녕,창녕,경상남도 창녕군,경상남도,35.5443876,128.4921938,335324.79,328472.11,ok,67.94,3.571,190.605,222.91,-14.48,82.42,70.435,6.986,-18.733,27.274,131.687,61.83,2.597,-26.47,-28.174,-34.117,1961,8,45.45
199,chunk,doc_0152_c00,plc_005,doc_0152_c00,창녕,창녕,경상남도 창녕군,경상남도,35.5443876,128.4921938,335324.79,328472.11,ok,67.94,3.571,190.605,222.91,-14.48,82.42,70.435,6.986,-18.733,27.274,131.687,61.83,2.597,-26.47,-28.174,-34.117,1961,8,45.45
200,chunk,doc_0153_c00,plc_005,doc_0153_c00,창녕,창녕,경상남도 창녕군,경상남도,35.5443876,128.4921938,335324.79,328472.11,ok,67.94,3.571,190.605,222.91,-14.48,82.42,70.435,6.986,-18.733,27.274,131.687,61.83,2.597,-26.47,-28.174,-34.117,1961,8,45.45
201,chunk,doc_0154_c00,plc_005,doc_0154_c00,창녕,창녕,경상남도 창녕군,경상남도,35.5443876,128.4921938,335324.79,328472.11,ok,67.94,3.571,190.605,222.91,-14.48,82.42,70.435,6.986,-18.733,27.274,131.687,61.83,2.597,-26.47,-28.174,-34.117,1961,8,45.45
202,chunk,doc_0155_c00,plc_005,doc_0155_c00,창녕,창녕,경상남도 창녕군,경상남도,35.5443876,128.4921938,335324.79,328472.11,ok,67.94,3.571,190.605,222.91,-14.48,82.42,70.435,6.986,-18.733,27.274,131.687,61.83,2.597,-26.47,-28.174,-34.117,1961,8,45.45
203,chunk,doc_0156_c00,plc_005,doc_0156_c00,창녕,창녕,경상남도 창녕군,경상남도,35.5443876,128.4921938,335324.79,328472.11,ok,67.94,3.571,190.605,222.91,-14.48,82.42,70.435,6.986,-18.733,27.274,131.687,61.83,2.597,-26.47,-28.174,-34.117,1961,8,45.45
204,chunk,doc_0157_c00,plc_005,doc_0157_c00,창녕,창녕,경상남도 창녕군,경상남도,35.5443876,128.4921938,335324.79,328472.11,ok,67.94,3.571,190.605,222.91,-14.48,82.42,70.435,6.986,-18.733,27.274,131.687,61.83,2.597,-26.47,-28.174,-34.117,1961,8,45.45
205,chunk,doc_0158_c00,plc_005,doc_0158_c00,창녕,창녕,경상남도 창녕군,경상남도,35.5443876,128.4921938,335324.79,328472.11,ok,67.94,3.571,190.605,222.91,-14.48,82.42,70.435,6.986,-18.733,27.274,131.687,61.83,2.597,-26.47,-28.174,-34.117,1961,8,45.45
206,chunk,doc_0159_c00,plc_005,doc_0159_c00,창녕,창녕,경상남도 창녕군,경상남도,35.5443876,128.4921938,335324.79,328472.11,ok,67.94,3.571,190.605,222.91,-14.48,82.42,70.435,6.986,-18.733,27.274,131.687,61.83,2.597,-26.47,-28.174,-34.117,1961,8,45.45
207,chunk,doc_0160_c00,plc_005,doc_0160_c00,창녕,창녕,경상남도 창녕군,경상남도,35.5443876,128.4921938,335324.79,328472.11,ok,67.94,3.571,190.605,222.91,-14.48,82.42,70.435,6.986,-18.733,27.274,131.687,61.83,2.597,-26.47,-28.174,-34.117,1961,8,45.45
208,chunk,doc_0161_c00,plc_005,doc_0161_c00,창녕,창녕,경상남도 창녕군,경상남도,35.5443876,128.4921938,335324.79,328472.11,ok,67.94,3.571,190.605,222.91,-14.48,82.42,70.435,6.986,-18.733,27.274,131.687,61.83,2.597,-26.47,-28.174,-34.117,1961,8,45.45
209,chunk,doc_0162_c00,plc_005,doc_0162_c00,창녕,창녕,경상남도 창녕군,경상남도,35.5443876,128.4921938,335324.79,328472.11,ok,67.94,3.571,190.605,222.91,-14.48,82.42,70.435,6.986,-18.733,27.274,131.687,61.83,2.597,-26.47,-28.174,-34.117,1961,8,45.45
210,chunk,doc_0163_c00,plc_005,doc_0163_c00,창녕,창녕,경상남도 창녕군,경상남도,35.5443876,128.4921938,335324.79,328472.11,ok,67.94,3.571,190.605,222.91,-14.48,82.42,70.435,6.986,-18.733,27.274,131.687,61.83,2.597,-26.47,-28.174,-34.117,1961,8,45.45
211,chunk,doc_0164_c00,plc_006,doc_0164_c00,동래,동래,부산광역시 동래구,부산광역시,35.2052000,129.0837000,389729.44,291862.9,ok,9.37,1.352,236.282,81.764,-16.696,26.066,29.44,4.676,11.282,45.134,21.545,-2.18,-2.428,2.86,22.581,49.932,2814,8,28.82
212,chunk,doc_0165_c00,plc_006,doc_0165_c00,동래,동래,부산광역시 동래구,부산광역시,35.2052000,129.0837000,389729.44,291862.9,ok,9.37,1.352,236.282,81.764,-16.696,26.066,29.44,4.676,11.282,45.134,21.545,-2.18,-2.428,2.86,22.581,49.932,2814,8,28.82
213,chunk,doc_0166_c00,plc_006,doc_0166_c00,동래,동래,부산광역시 동래구,부산광역시,35.2052000,129.0837000,389729.44,291862.9,ok,9.37,1.352,236.282,81.764,-16.696,26.066,29.44,4.676,11.282,45.134,21.545,-2.18,-2.428,2.86,22.581,49.932,2814,8,28.82
214,chunk,doc_0167_c00,plc_006,doc_0167_c00,동래,동래,부산광역시 동래구,부산광역시,35.2052000,129.0837000,389729.44,291862.9,ok,9.37,1.352,236.282,81.764,-16.696,26.066,29.44,4.676,11.282,45.134,21.545,-2.18,-2.428,2.86,22.581,49.932,2814,8,28.82
215,chunk,doc_0168_c00,plc_006,doc_0168_c00,동래,동래,부산광역시 동래구,부산광역시,35.2052000,129.0837000,389729.44,291862.9,ok,9.37,1.352,236.282,81.764,-16.696,26.066,29.44,4.676,11.282,45.134,21.545,-2.18,-2.428,2.86,22.581,49.932,2814,8,28.82
216,chunk,doc_0169_c00,plc_006,doc_0169_c00,동래,동래,부산광역시 동래구,부산광역시,35.2052000,129.0837000,389729.44,291862.9,ok,9.37,1.352,236.282,81.764,-16.696,26.066,29.44,4.676,11.282,45.134,21.545,-2.18,-2.428,2.86,22.581,49.932,2814,8,28.82
217,chunk,doc_0170_c00,plc_006,doc_0170_c00,동래,동래,부산광역시 동래구,부산광역시,35.2052000,129.0837000,389729.44,291862.9,ok,9.37,1.352,236.282,81.764,-16.696,26.066,29.44,4.676,11.282,45.134,21.545,-2.18,-2.428,2.86,22.581,49.932,2814,8,28.82
218,chunk,doc_0171_c00,plc_006,doc_0171_c00,동래,동래,부산광역시 동래구,부산광역시,35.2052000,129.0837000,389729.44,291862.9,ok,9.37,1.352,236.282,81.764,-16.696,26.066,29.44,4.676,11.282,45.134,21.545,-2.18,-2.428,2.86,22.581,49.932,2814,8,28.82
219,chunk,doc_0172_c00,plc_006,doc_0172_c00,동래,동래,부산광역시 동래구,부산광역시,35.2052000,129.0837000,389729.44,291862.9,ok,9.37,1.352,236.282,81.764,-16.696,26.066,29.44,4.676,11.282,45.134,21.545,-2.18,-2.428,2.86,22.581,49.932,2814,8,28.82
220,chunk,doc_0173_c00,plc_006,doc_0173_c00,동래,동래,부산광역시 동래구,부산광역시,35.2052000,129.0837000,389729.44,291862.9,ok,9.37,1.352,236.282,81.764,-16.696,26.066,29.44,4.676,11.282,45.134,21.545,-2.18,-2.428,2.86,22.581,49.932,2814,8,28.82
221,chunk,doc_0174_c00,plc_006,doc_0174_c00,동래,동래,부산광역시 동래구,부산광역시,35.2052000,129.0837000,389729.44,291862.9,ok,9.37,1.352,236.282,81.764,-16.696,26.066,29.44,4.676,11.282,45.134,21.545,-2.18,-2.428,2.86,22.581,49.932,2814,8,28.82
222,chunk,doc_0175_c00,plc_006,doc_0175_c00,동래,동래,부산광역시 동래구,부산광역시,35.2052000,129.0837000,389729.44,291862.9,ok,9.37,1.352,236.282,81.764,-16.696,26.066,29.44,4.676,11.282,45.134,21.545,-2.18,-2.428,2.86,22.581,49.932,2814,8,28.82
223,chunk,doc_0176_c00,plc_006,doc_0176_c00,동래,동래,부산광역시 동래구,부산광역시,35.2052000,129.0837000,389729.44,291862.9,ok,9.37,1.352,236.282,81.764,-16.696,26.066,29.44,4.676,11.282,45.134,21.545,-2.18,-2.428,2.86,22.581,49.932,2814,8,28.82
224,chunk,doc_0177_c00,plc_006,doc_0177_c00,동래,동래,부산광역시 동래구,부산광역시,35.2052000,129.0837000,389729.44,291862.9,ok,9.37,1.352,236.282,81.764,-16.696,26.066,29.44,4.676,11.282,45.134,21.545,-2.18,-2.428,2.86,22.581,49.932,2814,8,28.82
225,chunk,doc_0178_c00,plc_006,doc_0178_c00,동래,동래,부산광역시 동래구,부산광역시,35.2052000,129.0837000,389729.44,291862.9,ok,9.37,1.352,236.282,81.764,-16.696,26.066,29.44,4.676,11.282,45.134,21.545,-2.18,-2.428,2.86,22.581,49.932,2814,8,28.82
226,chunk,doc_0179_c00,plc_006,doc_0179_c00,동래,동래,부산광역시 동래구,부산광역시,35.2052000,129.0837000,389729.44,291862.9,ok,9.37,1.352,236.282,81.764,-16.696,26.066,29.44,4.676,11.282,45.134,21.545,-2.18,-2.428,2.86,22.581,49.932,2814,8,28.82
227,chunk,doc_0180_c00,plc_006,doc_0180_c00,동래,동래,부산광역시 동래구,부산광역시,35.2052000,129.0837000,389729.44,291862.9,ok,9.37,1.352,236.282,81.764,-16.696,26.066,29.44,4.676,11.282,45.134,21.545,-2.18,-2.428,2.86,22.581,49.932,2814,8,28.82
228,chunk,doc_0181_c00,plc_006,doc_0181_c00,동래,동래,부산광역시 동래구,부산광역시,35.2052000,129.0837000,389729.44,291862.9,ok,9.37,1.352,236.282,81.764,-16.696,26.066,29.44,4.676,11.282,45.134,21.545,-2.18,-2.428,2.86,22.581,49.932,2814,8,28.82
229,chunk,doc_0182_c00,plc_006,doc_0182_c00,동래,동래,부산광역시 동래구,부산광역시,35.2052000,129.0837000,389729.44,291862.9,ok,9.37,1.352,236.282,81.764,-16.696,26.066,29.44,4.676,11.282,45.134,21.545,-2.18,-2.428,2.86,22.581,49.932,2814,8,28.82
230,chunk,doc_0183_c00,plc_006,doc_0183_c00,동래,동래,부산광역시 동래구,부산광역시,35.2052000,129.0837000,389729.44,291862.9,ok,9.37,1.352,236.282,81.764,-16.696,26.066,29.44,4.676,11.282,45.134,21.545,-2.18,-2.428,2.86,22.581,49.932,2814,8,28.82
231,chunk,doc_0184_c00,plc_006,doc_0184_c00,동래,동래,부산광역시 동래구,부산광역시,35.2052000,129.0837000,389729.44,291862.9,ok,9.37,1.352,236.282,81.764,-16.696,26.066,29.44,4.676,11.282,45.134,21.545,-2.18,-2.428,2.86,22.581,49.932,2814,8,28.82
232,chunk,doc_0185_c00,plc_006,doc_0185_c00,동래,동래,부산광역시 동래구,부산광역시,35.2052000,129.0837000,389729.44,291862.9,ok,9.37,1.352,236.282,81.764,-16.696,26.066,29.44,4.676,11.282,45.134,21.545,-2.18,-2.428,2.86,22.581,49.932,2814,8,28.82
233,chunk,doc_0186_c00,plc_006,doc_0186_c00,동래,동래,부산광역시 동래구,부산광역시,35.2052000,129.0837000,389729.44,291862.9,ok,9.37,1.352,236.282,81.764,-16.696,26.066,29.44,4.676,11.282,45.134,21.545,-2.18,-2.428,2.86,22.581,49.932,2814,8,28.82
234,chunk,doc_0187_c00,plc_006,doc_0187_c00,동래,동래,부산광역시 동래구,부산광역시,35.2052000,129.0837000,389729.44,291862.9,ok,9.37,1.352,236.282,81.764,-16.696,26.066,29.44,4.676,11.282,45.134,21.545,-2.18,-2.428,2.86,22.581,49.932,2814,8,28.82
235,chunk,doc_0188_c00,plc_006,doc_0188_c00,동래,동래,부산광역시 동래구,부산광역시,35.2052000,129.0837000,389729.44,291862.9,ok,9.37,1.352,236.282,81.764,-16.696,26.066,29.44,4.676,11.282,45.134,21.545,-2.18,-2.428,2.86,22.581,49.932,2814,8,28.82
236,chunk,doc_0189_c00,plc_006,doc_0189_c00,동래,동래,부산광역시 동래구,부산광역시,35.2052000,129.0837000,389729.44,291862.9,ok,9.37,1.352,236.282,81.764,-16.696,26.066,29.44,4.676,11.282,45.134,21.545,-2.18,-2.428,2.86,22.581,49.932,2814,8,28.82
237,chunk,doc_0190_c00,plc_006,doc_0190_c00,동래,동래,부산광역시 동래구,부산광역시,35.2052000,129.0837000,389729.44,291862.9,ok,9.37,1.352,236.282,81.764,-16.696,26.066,29.44,4.676,11.282,45.134,21.545,-2.18,-2.428,2.86,22.581,49.932,2814,8,28.82
238,chunk,doc_0191_c00,plc_006,doc_0191_c00,동래,동래,부산광역시 동래구,부산광역시,35.2052000,129.0837000,389729.44,291862.9,ok,9.37,1.352,236.282,81.764,-16.696,26.066,29.44,4.676,11.282,45.134,21.545,-2.18,-2.428,2.86,22.581,49.932,2814,8,28.82
239,chunk,doc_0192_c00,plc_006,doc_0192_c00,동래,동래,부산광역시 동래구,부산광역시,35.2052000,129.0837000,389729.44,291862.9,ok,9.37,1.352,236.282,81.764,-16.696,26.066,29.44,4.676,11.282,45.134,21.545,-2.18,-2.428,2.86,22.581,49.932,2814,8,28.82
240,chunk,doc_0193_c00,plc_006,doc_0193_c00,동래,동래,부산광역시 동래구,부산광역시,35.2052000,129.0837000,389729.44,291862.9,ok,9.37,1.352,236.282,81.764,-16.696,26.066,29.44,4.676,11.282,45.134,21.545,-2.18,-2.428,2.86,22.581,49.932,2814,8,28.82
241,chunk,doc_0194_c00,plc_006,doc_0194_c00,동래,동래,부산광역시 동래구,부산광역시,35.2052000,129.0837000,389729.44,291862.9,ok,9.37,1.352,236.282,81.764,-16.696,26.066,29.44,4.676,11.282,45.134,21.545,-2.18,-2.428,2.86,22.581,49.932,2814,8,28.82
242,chunk,doc_0195_c00,plc_007,doc_0195_c00,울산,울산,울산광역시,울산광역시,35.5391697,129.3119136,409681.34,329332.37,ok,8.91,1.142,67.902,56.84,-6.681,15.591,18.762,2.922,-2.887,-6.405,-5.514,1.911,17.536,18.097,34.811,4.085,2453,8,41.09
243,chunk,doc_0196_c00,plc_007,doc_0196_c00,울산,울산,울산광역시,울산광역시,35.5391697,129.3119136,409681.34,329332.37,ok,8.91,1.142,67.902,56.84,-6.681,15.591,18.762,2.922,-2.887,-6.405,-5.514,1.911,17.536,18.097,34.811,4.085,2453,8,41.09
244,chunk,doc_0197_c00,plc_007,doc_0197_c00,울산,울산,울산광역시,울산광역시,35.5391697,129.3119136,409681.34,329332.37,ok,8.91,1.142,67.902,56.84,-6.681,15.591,18.762,2.922,-2.887,-6.405,-5.514,1.911,17.536,18.097,34.811,4.085,2453,8,41.09
245,chunk,doc_0198_c00,plc_007,doc_0198_c00,울산,울산,울산광역시,울산광역시,35.5391697,129.3119136,409681.34,329332.37,ok,8.91,1.142,67.902,56.84,-6.681,15.591,18.762,2.922,-2.887,-6.405,-5.514,1.911,17.536,18.097,34.811,4.085,2453,8,41.09
246,chunk,doc_0199_c00,plc_007,doc_0199_c00,울산,울산,울산광역시,울산광역시,35.5391697,129.3119136,409681.34,329332.37,ok,8.91,1.142,67.902,56.84,-6.681,15.591,18.762,2.922,-2.887,-6.405,-5.514,1.911,17.536,18.097,34.811,4.085,2453,8,41.09
247,chunk,doc_0200_c00,plc_007,doc_0200_c00,울산,울산,울산광역시,울산광역시,35.5391697,129.3119136,409681.34,329332.37,ok,8.91,1.142,67.902,56.84,-6.681,15.591,18.762,2.922,-2.887,-6.405,-5.514,1.911,17.536,18.097,34.811,4.085,2453,8,41.09
248,chunk,doc_0201_c00,plc_007,doc_0201_c00,울산,울산,울산광역시,울산광역시,35.5391697,129.3119136,409681.34,329332.37,ok,8.91,1.142,67.902,56.84,-6.681,15.591,18.762,2.922,-2.887,-6.405,-5.514,1.911,17.536,18.097,34.811,4.085,2453,8,41.09
249,chunk,doc_0202_c00,plc_007,doc_0202_c00,울산,울산,울산광역시,울산광역시,35.5391697,129.3119136,409681.34,329332.37,ok,8.91,1.142,67.902,56.84,-6.681,15.591,18.762,2.922,-2.887,-6.405,-5.514,1.911,17.536,18.097,34.811,4.085,2453,8,41.09
250,chunk,doc_0203_c00,plc_007,doc_0203_c00,울산,울산,울산광역시,울산광역시,35.5391697,129.3119136,409681.34,329332.37,ok,8.91,1.142,67.902,56.84,-6.681,15.591,18.762,2.922,-2.887,-6.405,-5.514,1.911,17.536,18.097,34.811,4.085,2453,8,41.09
251,chunk,doc_0204_c00,plc_007,doc_0204_c00,울산,울산,울산광역시,울산광역시,35.5391697,129.3119136,409681.34,329332.37,ok,8.91,1.142,67.902,56.84,-6.681,15.591,18.762,2.922,-2.887,-6.405,-5.514,1.911,17.536,18.097,34.811,4.085,2453,8,41.09
252,chunk,doc_0205_c00,plc_007,doc_0205_c00,울산,울산,울산광역시,울산광역시,35.5391697,129.3119136,409681.34,329332.37,ok,8.91,1.142,67.902,56.84,-6.681,15.591,18.762,2.922,-2.887,-6.405,-5.514,1.911,17.536,18.097,34.811,4.085,2453,8,41.09
253,chunk,doc_0206_c00,plc_007,doc_0206_c00,울산,울산,울산광역시,울산광역시,35.5391697,129.3119136,409681.34,329332.37,ok,8.91,1.142,67.902,56.84,-6.681,15.591,18.762,2.922,-2.887,-6.405,-5.514,1.911,17.536,18.097,34.811,4.085,2453,8,41.09
254,chunk,doc_0207_c00,plc_007,doc_0207_c00,울산,울산,울산광역시,울산광역시,35.5391697,129.3119136,409681.34,329332.37,ok,8.91,1.142,67.902,56.84,-6.681,15.591,18.762,2.922,-2.887,-6.405,-5.514,1.911,17.536,18.097,34.811,4.085,2453,8,41.09
255,chunk,doc_0208_c00,plc_007,doc_0208_c00,울산,울산,울산광역시,울산광역시,35.5391697,129.3119136,409681.34,329332.37,ok,8.91,1.142,67.902,56.84,-6.681,15.591,18.762,2.922,-2.887,-6.405,-5.514,1.911,17.536,18.097,34.811,4.085,2453,8,41.09
256,chunk,doc_0209_c00,plc_007,doc_0209_c00,울산,울산,울산광역시,울산광역시,35.5391697,129.3119136,409681.34,329332.37,ok,8.91,1.142,67.902,56.84,-6.681,15.591,18.762,2.922,-2.887,-6.405,-5.514,1.911,17.536,18.097,34.811,4.085,2453,8,41.09
257,chunk,doc_0210_c00,plc_007,doc_0210_c00,울산,울산,울산광역시,울산광역시,35.5391697,129.3119136,409681.34,329332.37,ok,8.91,1.142,67.902,56.84,-6.681,15.591,18.762,2.922,-2.887,-6.405,-5.514,1.911,17.536,18.097,34.811,4.085,2453,8,41.09
258,chunk,doc_0211_c00,plc_007,doc_0211_c00,울산,울산,울산광역시,울산광역시,35.5391697,129.3119136,409681.34,329332.37,ok,8.91,1.142,67.902,56.84,-6.681,15.591,18.762,2.922,-2.887,-6.405,-5.514,1.911,17.536,18.097,34.811,4.085,2453,8,41.09
259,chunk,doc_0212_c00,plc_007,doc_0212_c00,울산,울산,울산광역시,울산광역시,35.5391697,129.3119136,409681.34,329332.37,ok,8.91,1.142,67.902,56.84,-6.681,15.591,18.762,2.922,-2.887,-6.405,-5.514,1.911,17.536,18.097,34.811,4.085,2453,8,41.09
260,chunk,doc_0213_c00,plc_007,doc_0213_c00,울산,울산,울산광역시,울산광역시,35.5391697,129.3119136,409681.34,329332.37,ok,8.91,1.142,67.902,56.84,-6.681,15.591,18.762,2.922,-2.887,-6.405,-5.514,1.911,17.536,18.097,34.811,4.085,2453,8,41.09
261,chunk,doc_0214_c00,plc_008,doc_0214_c00,기장,기장,부산광역시 기장군,부산광역시,35.2447818,129.2215462,402221.39,296553.18,ok,11.86,2.043,26.346,148.558,-46.377,58.237,48.568,8.974,21.6,26.958,12.941,76.724,40.838,48.124,89.598,52.036,1933,8,39.69
262,chunk,doc_0215_c00,plc_008,doc_0215_c00,기장,기장,부산광역시 기장군,부산광역시,35.2447818,129.2215462,402221.39,296553.18,ok,11.86,2.043,26.346,148.558,-46.377,58.237,48.568,8.974,21.6,26.958,12.941,76.724,40.838,48.124,89.598,52.036,1933,8,39.69
263,chunk,doc_0216_c00,plc_008,doc_0216_c00,기장,기장,부산광역시 기장군,부산광역시,35.2447818,129.2215462,402221.39,296553.18,ok,11.86,2.043,26.346,148.558,-46.377,58.237,48.568,8.974,21.6,26.958,12.941,76.724,40.838,48.124,89.598,52.036,1933,8,39.69
264,chunk,doc_0217_c00,plc_008,doc_0217_c00,기장,기장,부산광역시 기장군,부산광역시,35.2447818,129.2215462,402221.39,296553.18,ok,11.86,2.043,26.346,148.558,-46.377,58.237,48.568,8.974,21.6,26.958,12.941,76.724,40.838,48.124,89.598,52.036,1933,8,39.69
265,chunk,doc_0218_c00,plc_008,doc_0218_c00,기장,기장,부산광역시 기장군,부산광역시,35.2447818,129.2215462,402221.39,296553.18,ok,11.86,2.043,26.346,148.558,-46.377,58.237,48.568,8.974,21.6,26.958,12.941,76.724,40.838,48.124,89.598,52.036,1933,8,39.69
266,chunk,doc_0219_c00,plc_008,doc_0219_c00,기장,기장,부산광역시 기장군,부산광역시,35.2447818,129.2215462,402221.39,296553.18,ok,11.86,2.043,26.346,148.558,-46.377,58.237,48.568,8.974,21.6,26.958,12.941,76.724,40.838,48.124,89.598,52.036,1933,8,39.69
267,chunk,doc_0220_c00,plc_008,doc_0220_c00,기장,기장,부산광역시 기장군,부산광역시,35.2447818,129.2215462,402221.39,296553.18,ok,11.86,2.043,26.346,148.558,-46.377,58.237,48.568,8.974,21.6,26.958,12.941,76.724,40.838,48.124,89.598,52.036,1933,8,39.69
268,chunk,doc_0221_c00,plc_008,doc_0221_c00,기장,기장,부산광역시 기장군,부산광역시,35.2447818,129.2215462,402221.39,296553.18,ok,11.86,2.043,26.346,148.558,-46.377,58.237,48.568,8.974,21.6,26.958,12.941,76.724,40.838,48.124,89.598,52.036,1933,8,39.69
269,chunk,doc_0222_c00,plc_009,doc_0222_c00,언양,언양,울산광역시 울주군 언양읍,울산광역시,35.5688426,129.1255144,392684.75,332315.78,ok,75.71,0.296,120.012,137.51,-37.685,113.395,45.737,7.386,10.938,32.707,74.726,11.809,7.985,43.465,35.308,84.691,1961,8,32.7
270,chunk,doc_0223_c00,plc_009,doc_0223_c00,언양,언양,울산광역시 울주군 언양읍,울산광역시,35.5688426,129.1255144,392684.75,332315.78,ok,75.71,0.296,120.012,137.51,-37.685,113.395,45.737,7.386,10.938,32.707,74.726,11.809,7.985,43.465,35.308,84.691,1961,8,32.7
271,chunk,doc_0224_c00,plc_010,doc_0224_c00,경주,경주,경상북도 경주시,경상북도,35.8556705,129.2248811,400983.65,364339.4,ok,44.04,0.287,300.474,190.53,-26.554,70.594,57.966,5.222,9.964,89.542,121.147,13.312,4.569,-3.858,-9.846,-12.292,1961,8,22.82
272,chunk,doc_0225_c00,plc_009,doc_0225_c00,언양,언양,울산광역시 울주군 언양읍,울산광역시,35.5688426,129.1255144,392684.75,332315.78,ok,75.71,0.296,120.012,137.51,-37.685,113.395,45.737,7.386,10.938,32.707,74.726,11.809,7.985,43.465,35.308,84.691,1961,8,32.7
273,chunk,doc_0226_c00,plc_010,doc_0226_c00,경주,경주,경상북도 경주시,경상북도,35.8556705,129.2248811,400983.65,364339.4,ok,44.04,0.287,300.474,190.53,-26.554,70.594,57.966,5.222,9.964,89.542,121.147,13.312,4.569,-3.858,-9.846,-12.292,1961,8,22.82
274,chunk,doc_0227_c00,plc_010,doc_0227_c00,경주,경주,경상북도 경주시,경상북도,35.8556705,129.2248811,400983.65,364339.4,ok,44.04,0.287,300.474,190.53,-26.554,70.594,57.966,5.222,9.964,89.542,121.147,13.312,4.569,-3.858,-9.846,-12.292,1961,8,22.82
275,chunk,doc_0228_c00,plc_010,doc_0228_c00,경주,경주,경상북도 경주시,경상북도,35.8556705,129.2248811,400983.65,364339.4,ok,44.04,0.287,300.474,190.53,-26.554,70.594,57.966,5.222,9.964,89.542,121.147,13.312,4.569,-3.858,-9.846,-12.292,1961,8,22.82
276,chunk,doc_0229_c00,plc_010,doc_0229_c00,경주,경주,경상북도 경주시,경상북도,35.8556705,129.2248811,400983.65,364339.4,ok,44.04,0.287,300.474,190.53,-26.554,70.594,57.966,5.222,9.964,89.542,121.147,13.312,4.569,-3.858,-9.846,-12.292,1961,8,22.82
277,chunk,doc_0230_c00,plc_010,doc_0230_c00,경주,경주,경상북도 경주시,경상북도,35.8556705,129.2248811,400983.65,364339.4,ok,44.04,0.287,300.474,190.53,-26.554,70.594,57.966,5.222,9.964,89.542,121.147,13.312,4.569,-3.858,-9.846,-12.292,1961,8,22.82
278,chunk,doc_0231_c00,plc_010,doc_0231_c00,경주,경주,경상북도 경주시,경상북도,35.8556705,129.2248811,400983.65,364339.4,ok,44.04,0.287,300.474,190.53,-26.554,70.594,57.966,5.222,9.964,89.542,121.147,13.312,4.569,-3.858,-9.846,-12.292,1961,8,22.82
279,chunk,doc_0232_c00,plc_010,doc_0232_c00,경주,경주,경상북도 경주시,경상북도,35.8556705,129.2248811,400983.65,364339.4,ok,44.04,0.287,300.474,190.53,-26.554,70.594,57.966,5.222,9.964,89.542,121.147,13.312,4.569,-3.858,-9.846,-12.292,1961,8,22.82
280,chunk,doc_0233_c00,plc_010,doc_0233_c00,경주,경주,경상북도 경주시,경상북도,35.8556705,129.2248811,400983.65,364339.4,ok,44.04,0.287,300.474,190.53,-26.554,70.594,57.966,5.222,9.964,89.542,121.147,13.312,4.569,-3.858,-9.846,-12.292,1961,8,22.82
281,chunk,doc_0234_c00,plc_010,doc_0234_c00,경주,경주,경상북도 경주시,경상북도,35.8556705,129.2248811,400983.65,364339.4,ok,44.04,0.287,300.474,190.53,-26.554,70.594,57.966,5.222,9.964,89.542,121.147,13.312,4.569,-3.858,-9.846,-12.292,1961,8,22.82
282,chunk,doc_0235_c00,plc_010,doc_0235_c00,경주,경주,경상북도 경주시,경상북도,35.8556705,129.2248811,400983.65,364339.4,ok,44.04,0.287,300.474,190.53,-26.554,70.594,57.966,5.222,9.964,89.542,121.147,13.312,4.569,-3.858,-9.846,-12.292,1961,8,22.82
283,chunk,doc_0236_c00,plc_011,doc_0236_c00,현풍,현풍,대구광역시 달성군 현풍읍,대구광역시,35.6974883,128.4475083,330993.23,345451.74,ok,28.52,1.963,198.964,166.534,-23.293,51.813,52.262,5.733,102.865,85.984,29.675,20.451,-2.165,-9.973,-11.102,-2.471,2189,8,21.68
284,chunk,doc_0237_c00,plc_011,doc_0237_c00,현풍,현풍,대구광역시 달성군 현풍읍,대구광역시,35.6974883,128.4475083,330993.23,345451.74,ok,28.52,1.963,198.964,166.534,-23.293,51.813,52.262,5.733,102.865,85.984,29.675,20.451,-2.165,-9.973,-11.102,-2.471,2189,8,21.68
285,chunk,doc_0238_c00,plc_011,doc_0238_c00,현풍,현풍,대구광역시 달성군 현풍읍,대구광역시,35.6974883,128.4475083,330993.23,345451.74,ok,28.52,1.963,198.964,166.534,-23.293,51.813,52.262,5.733,102.865,85.984,29.675,20.451,-2.165,-9.973,-11.102,-2.471,2189,8,21.68
286,chunk,doc_0239_c00,plc_011,doc_0239_c00,현풍,현풍,대구광역시 달성군 현풍읍,대구광역시,35.6974883,128.4475083,330993.23,345451.74,ok,28.52,1.963,198.964,166.534,-23.293,51.813,52.262,5.733,102.865,85.984,29.675,20.451,-2.165,-9.973,-11.102,-2.471,2189,8,21.68
287,chunk,doc_0240_c00,plc_011,doc_0240_c00,현풍,현풍,대구광역시 달성군 현풍읍,대구광역시,35.6974883,128.4475083,330993.23,345451.74,ok,28.52,1.963,198.964,166.534,-23.293,51.813,52.262,5.733,102.865,85.984,29.675,20.451,-2.165,-9.973,-11.102,-2.471,2189,8,21.68
288,chunk,doc_0241_c00,plc_013,doc_0241_c00,경산,경산,경상북도 경산시,경상북도,35.8251220,128.7413290,357324.15,360020.54,ok,61.05,1.583,170.86,63.416,-2.113,63.163,22.468,3.136,-14.05,-4.87,3.956,19.013,11.891,23.448,-1.099,-13.847,2118,8,39.51
289,chunk,doc_0242_c00,plc_013,doc_0242_c00,경산,경산,경상북도 경산시,경상북도,35.8251220,128.7413290,357324.15,360020.54,ok,61.05,1.583,170.86,63.416,-2.113,63.163,22.468,3.136,-14.05,-4.87,3.956,19.013,11.891,23.448,-1.099,-13.847,2118,8,39.51
290,chunk,doc_0243_c00,plc_013,doc_0243_c00,경산,경산,경상북도 경산시,경상북도,35.8251220,128.7413290,357324.15,360020.54,ok,61.05,1.583,170.86,63.416,-2.113,63.163,22.468,3.136,-14.05,-4.87,3.956,19.013,11.891,23.448,-1.099,-13.847,2118,8,39.51
291,chunk,doc_0244_c00,plc_013,doc_0244_c00,경산,경산,경상북도 경산시,경상북도,35.8251220,128.7413290,357324.15,360020.54,ok,61.05,1.583,170.86,63.416,-2.113,63.163,22.468,3.136,-14.05,-4.87,3.956,19.013,11.891,23.448,-1.099,-13.847,2118,8,39.51
292,chunk,doc_0245_c00,plc_015,doc_0245_c00,양산,양산,경상남도 양산시,경상남도,35.3349979,129.0370582,385237.13,306136.77,ok,22.04,1.68,277.539,231.28,-43.129,65.169,78.901,10.314,-10.704,71.521,128.195,68.878,97.818,-15.737,-8.055,13.292,1961,8,38.61
293,chunk,doc_0246_c00,plc_014,doc_0246_c00,하양,하양,경상북도 경산시 하양읍,경상북도,35.9166162,128.8066711,363084.15,370280.54,ok,65.67,0.941,39.787,180.88,-32.726,98.396,56.488,7.618,57.142,16.703,-10.679,-13.029,-8.145,25.071,87.779,107.102,1961,8,22.08
294,chunk,doc_0247_c00,plc_015,doc_0247_c00,양산,양산,경상남도 양산시,경상남도,35.3349979,129.0370582,385237.13,306136.77,ok,22.04,1.68,277.539,231.28,-43.129,65.169,78.901,10.314,-10.704,71.521,128.195,68.878,97.818,-15.737,-8.055,13.292,1961,8,38.61
295,chunk,doc_0248_c00,plc_015,doc_0248_c00,양산,양산,경상남도 양산시,경상남도,35.3349979,129.0370582,385237.13,306136.77,ok,22.04,1.68,277.539,231.28,-43.129,65.169,78.901,10.314,-10.704,71.521,128.195,68.878,97.818,-15.737,-8.055,13.292,1961,8,38.61
296,chunk,doc_0249_c00,plc_015,doc_0249_c00,양산,양산,경상남도 양산시,경상남도,35.3349979,129.0370582,385237.13,306136.77,ok,22.04,1.68,277.539,231.28,-43.129,65.169,78.901,10.314,-10.704,71.521,128.195,68.878,97.818,-15.737,-8.055,13.292,1961,8,38.61
297,chunk,doc_0250_c00,plc_015,doc_0250_c00,양산,양산,경상남도 양산시,경상남도,35.3349979,129.0370582,385237.13,306136.77,ok,22.04,1.68,277.539,231.28,-43.129,65.169,78.901,10.314,-10.704,71.521,128.195,68.878,97.818,-15.737,-8.055,13.292,1961,8,38.61
298,chunk,doc_0251_c00,plc_015,doc_0251_c00,양산,양산,경상남도 양산시,경상남도,35.3349979,129.0370582,385237.13,306136.77,ok,22.04,1.68,277.539,231.28,-43.129,65.169,78.901,10.314,-10.704,71.521,128.195,68.878,97.818,-15.737,-8.055,13.292,1961,8,38.61
299,chunk,doc_0252_c00,plc_015,doc_0252_c00,양산,양산,경상남도 양산시,경상남도,35.3349979,129.0370582,385237.13,306136.77,ok,22.04,1.68,277.539,231.28,-43.129,65.169,78.901,10.314,-10.704,71.521,128.195,68.878,97.818,-15.737,-8.055,13.292,1961,8,38.61
300,chunk,doc_0253_c00,plc_015,doc_0253_c00,양산,양산,경상남도 양산시,경상남도,35.3349979,129.0370582,385237.13,306136.77,ok,22.04,1.68,277.539,231.28,-43.129,65.169,78.901,10.314,-10.704,71.521,128.195,68.878,97.818,-15.737,-8.055,13.292,1961,8,38.61
301,chunk,doc_0254_c00,plc_015,doc_0254_c00,양산,양산,경상남도 양산시,경상남도,35.3349979,129.0370582,385237.13,306136.77,ok,22.04,1.68,277.539,231.28,-43.129,65.169,78.901,10.314,-10.704,71.521,128.195,68.878,97.818,-15.737,-8.055,13.292,1961,8,38.61
302,chunk,doc_0255_c00,plc_015,doc_0255_c00,양산,양산,경상남도 양산시,경상남도,35.3349979,129.0370582,385237.13,306136.77,ok,22.04,1.68,277.539,231.28,-43.129,65.169,78.901,10.314,-10.704,71.521,128.195,68.878,97.818,-15.737,-8.055,13.292,1961,8,38.61
303,chunk,doc_0256_c00,plc_015,doc_0256_c00,양산,양산,경상남도 양산시,경상남도,35.3349979,129.0370582,385237.13,306136.77,ok,22.04,1.68,277.539,231.28,-43.129,65.169,78.901,10.314,-10.704,71.521,128.195,68.878,97.818,-15.737,-8.055,13.292,1961,8,38.61
304,chunk,doc_0257_c00,plc_015,doc_0257_c00,양산,양산,경상남도 양산시,경상남도,35.3349979,129.0370582,385237.13,306136.77,ok,22.04,1.68,277.539,231.28,-43.129,65.169,78.901,10.314,-10.704,71.521,128.195,68.878,97.818,-15.737,-8.055,13.292,1961,8,38.61
305,chunk,doc_0258_c00,plc_015,doc_0258_c00,양산,양산,경상남도 양산시,경상남도,35.3349979,129.0370582,385237.13,306136.77,ok,22.04,1.68,277.539,231.28,-43.129,65.169,78.901,10.314,-10.704,71.521,128.195,68.878,97.818,-15.737,-8.055,13.292,1961,8,38.61
306,chunk,doc_0259_c00,plc_015,doc_0259_c00,양산,양산,경상남도 양산시,경상남도,35.3349979,129.0370582,385237.13,306136.77,ok,22.04,1.68,277.539,231.28,-43.129,65.169,78.901,10.314,-10.704,71.521,128.195,68.878,97.818,-15.737,-8.055,13.292,1961,8,38.61
307,chunk,doc_0260_c00,plc_015,doc_0260_c00,양산,양산,경상남도 양산시,경상남도,35.3349979,129.0370582,385237.13,306136.77,ok,22.04,1.68,277.539,231.28,-43.129,65.169,78.901,10.314,-10.704,71.521,128.195,68.878,97.818,-15.737,-8.055,13.292,1961,8,38.61
308,chunk,doc_0261_c00,plc_015,doc_0261_c00,양산,양산,경상남도 양산시,경상남도,35.3349979,129.0370582,385237.13,306136.77,ok,22.04,1.68,277.539,231.28,-43.129,65.169,78.901,10.314,-10.704,71.521,128.195,68.878,97.818,-15.737,-8.055,13.292,1961,8,38.61
309,chunk,doc_0262_c00,plc_015,doc_0262_c00,양산,양산,경상남도 양산시,경상남도,35.3349979,129.0370582,385237.13,306136.77,ok,22.04,1.68,277.539,231.28,-43.129,65.169,78.901,10.314,-10.704,71.521,128.195,68.878,97.818,-15.737,-8.055,13.292,1961,8,38.61
310,chunk,doc_0263_c00,plc_015,doc_0263_c00,양산,양산,경상남도 양산시,경상남도,35.3349979,129.0370582,385237.13,306136.77,ok,22.04,1.68,277.539,231.28,-43.129,65.169,78.901,10.314,-10.704,71.521,128.195,68.878,97.818,-15.737,-8.055,13.292,1961,8,38.61
311,chunk,doc_0264_c00,plc_015,doc_0264_c00,양산,양산,경상남도 양산시,경상남도,35.3349979,129.0370582,385237.13,306136.77,ok,22.04,1.68,277.539,231.28,-43.129,65.169,78.901,10.314,-10.704,71.521,128.195,68.878,97.818,-15.737,-8.055,13.292,1961,8,38.61
312,chunk,doc_0265_c00,plc_015,doc_0265_c00,양산,양산,경상남도 양산시,경상남도,35.3349979,129.0370582,385237.13,306136.77,ok,22.04,1.68,277.539,231.28,-43.129,65.169,78.901,10.314,-10.704,71.521,128.195,68.878,97.818,-15.737,-8.055,13.292,1961,8,38.61
313,chunk,doc_0266_c00,plc_015,doc_0266_c00,양산,양산,경상남도 양산시,경상남도,35.3349979,129.0370582,385237.13,306136.77,ok,22.04,1.68,277.539,231.28,-43.129,65.169,78.901,10.314,-10.704,71.521,128.195,68.878,97.818,-15.737,-8.055,13.292,1961,8,38.61
314,chunk,doc_0267_c00,plc_015,doc_0267_c00,양산,양산,경상남도 양산시,경상남도,35.3349979,129.0370582,385237.13,306136.77,ok,22.04,1.68,277.539,231.28,-43.129,65.169,78.901,10.314,-10.704,71.521,128.195,68.878,97.818,-15.737,-8.055,13.292,1961,8,38.61
315,chunk,doc_0268_c00,plc_015,doc_0268_c00,양산,양산,경상남도 양산시,경상남도,35.3349979,129.0370582,385237.13,306136.77,ok,22.04,1.68,277.539,231.28,-43.129,65.169,78.901,10.314,-10.704,71.521,128.195,68.878,97.818,-15.737,-8.055,13.292,1961,8,38.61
316,chunk,doc_0269_c00,plc_015,doc_0269_c00,양산,양산,경상남도 양산시,경상남도,35.3349979,129.0370582,385237.13,306136.77,ok,22.04,1.68,277.539,231.28,-43.129,65.169,78.901,10.314,-10.704,71.521,128.195,68.878,97.818,-15.737,-8.055,13.292,1961,8,38.61
317,chunk,doc_0270_c00,plc_015,doc_0270_c00,양산,양산,경상남도 양산시,경상남도,35.3349979,129.0370582,385237.13,306136.77,ok,22.04,1.68,277.539,231.28,-43.129,65.169,78.901,10.314,-10.704,71.521,128.195,68.878,97.818,-15.737,-8.055,13.292,1961,8,38.61
318,chunk,doc_0271_c00,plc_015,doc_0271_c00,양산,양산,경상남도 양산시,경상남도,35.3349979,129.0370582,385237.13,306136.77,ok,22.04,1.68,277.539,231.28,-43.129,65.169,78.901,10.314,-10.704,71.521,128.195,68.878,97.818,-15.737,-8.055,13.292,1961,8,38.61
319,chunk,doc_0272_c00,plc_015,doc_0272_c00,양산,양산,경상남도 양산시,경상남도,35.3349979,129.0370582,385237.13,306136.77,ok,22.04,1.68,277.539,231.28,-43.129,65.169,78.901,10.314,-10.704,71.521,128.195,68.878,97.818,-15.737,-8.055,13.292,1961,8,38.61
320,chunk,doc_0273_c00,plc_016,doc_0273_c00,김해,김해,경상남도 김해시,경상남도,35.2279109,128.8895378,371995.96,294008.39,ok,9.69,3.524,186.215,129.436,-10.097,19.787,47.047,4.146,119.97,15.568,-7.279,-8.632,-8.917,-8.382,5.295,6.588,2397,8,28.54
321,chunk,doc_0274_c00,plc_016,doc_0274_c00,김해,김해,경상남도 김해시,경상남도,35.2279109,128.8895378,371995.96,294008.39,ok,9.69,3.524,186.215,129.436,-10.097,19.787,47.047,4.146,119.97,15.568,-7.279,-8.632,-8.917,-8.382,5.295,6.588,2397,8,28.54
322,chunk,doc_0275_c00,plc_016,doc_0275_c00,김해,김해,경상남도 김해시,경상남도,35.2279109,128.8895378,371995.96,294008.39,ok,9.69,3.524,186.215,129.436,-10.097,19.787,47.047,4.146,119.97,15.568,-7.279,-8.632,-8.917,-8.382,5.295,6.588,2397,8,28.54
323,chunk,doc_0276_c00,plc_016,doc_0276_c00,김해,김해,경상남도 김해시,경상남도,35.2279109,128.8895378,371995.96,294008.39,ok,9.69,3.524,186.215,129.436,-10.097,19.787,47.047,4.146,119.97,15.568,-7.279,-8.632,-8.917,-8.382,5.295,6.588,2397,8,28.54
324,chunk,doc_0277_c00,plc_016,doc_0277_c00,김해,김해,경상남도 김해시,경상남도,35.2279109,128.8895378,371995.96,294008.39,ok,9.69,3.524,186.215,129.436,-10.097,19.787,47.047,4.146,119.97,15.568,-7.279,-8.632,-8.917,-8.382,5.295,6.588,2397,8,28.54
325,chunk,doc_0278_c00,plc_016,doc_0278_c00,김해,김해,경상남도 김해시,경상남도,35.2279109,128.8895378,371995.96,294008.39,ok,9.69,3.524,186.215,129.436,-10.097,19.787,47.047,4.146,119.97,15.568,-7.279,-8.632,-8.917,-8.382,5.295,6.588,2397,8,28.54
326,chunk,doc_0279_c00,plc_016,doc_0279_c00,김해,김해,경상남도 김해시,경상남도,35.2279109,128.8895378,371995.96,294008.39,ok,9.69,3.524,186.215,129.436,-10.097,19.787,47.047,4.146,119.97,15.568,-7.279,-8.632,-8.917,-8.382,5.295,6.588,2397,8,28.54
327,chunk,doc_0280_c00,plc_016,doc_0280_c00,김해,김해,경상남도 김해시,경상남도,35.2279109,128.8895378,371995.96,294008.39,ok,9.69,3.524,186.215,129.436,-10.097,19.787,47.047,4.146,119.97,15.568,-7.279,-8.632,-8.917,-8.382,5.295,6.588,2397,8,28.54
328,chunk,doc_0281_c00,plc_016,doc_0281_c00,김해,김해,경상남도 김해시,경상남도,35.2279109,128.8895378,371995.96,294008.39,ok,9.69,3.524,186.215,129.436,-10.097,19.787,47.047,4.146,119.97,15.568,-7.279,-8.632,-8.917,-8.382,5.295,6.588,2397,8,28.54
329,chunk,doc_0282_c00,plc_016,doc_0282_c00,김해,김해,경상남도 김해시,경상남도,35.2279109,128.8895378,371995.96,294008.39,ok,9.69,3.524,186.215,129.436,-10.097,19.787,47.047,4.146,119.97,15.568,-7.279,-8.632,-8.917,-8.382,5.295,6.588,2397,8,28.54
330,chunk,doc_0283_c00,plc_016,doc_0283_c00,김해,김해,경상남도 김해시,경상남도,35.2279109,128.8895378,371995.96,294008.39,ok,9.69,3.524,186.215,129.436,-10.097,19.787,47.047,4.146,119.97,15.568,-7.279,-8.632,-8.917,-8.382,5.295,6.588,2397,8,28.54
331,chunk,doc_0284_c00,plc_016,doc_0284_c00,김해,김해,경상남도 김해시,경상남도,35.2279109,128.8895378,371995.96,294008.39,ok,9.69,3.524,186.215,129.436,-10.097,19.787,47.047,4.146,119.97,15.568,-7.279,-8.632,-8.917,-8.382,5.295,6.588,2397,8,28.54
332,chunk,doc_0285_c00,plc_016,doc_0285_c00,김해,김해,경상남도 김해시,경상남도,35.2279109,128.8895378,371995.96,294008.39,ok,9.69,3.524,186.215,129.436,-10.097,19.787,47.047,4.146,119.97,15.568,-7.279,-8.632,-8.917,-8.382,5.295,6.588,2397,8,28.54
333,chunk,doc_0286_c00,plc_017,doc_0286_c00,창원,창원,경상남도 창원시,경상남도,35.2279560,128.6818586,353106.67,293699.29,ok,26.74,0.946,227.318,76.434,-9.381,36.121,23.563,3.756,9.855,38.595,32.276,9.743,-5.169,-13.403,-2.278,3.079,3057,8,19.38
334,chunk,doc_0287_c00,plc_017,doc_0287_c00,창원,창원,경상남도 창원시,경상남도,35.2279560,128.6818586,353106.67,293699.29,ok,26.74,0.946,227.318,76.434,-9.381,36.121,23.563,3.756,9.855,38.595,32.276,9.743,-5.169,-13.403,-2.278,3.079,3057,8,19.38
335,chunk,doc_0288_c00,plc_017,doc_0288_c00,창원,창원,경상남도 창원시,경상남도,35.2279560,128.6818586,353106.67,293699.29,ok,26.74,0.946,227.318,76.434,-9.381,36.121,23.563,3.756,9.855,38.595,32.276,9.743,-5.169,-13.403,-2.278,3.079,3057,8,19.38
336,chunk,doc_0289_c00,plc_017,doc_0289_c00,창원,창원,경상남도 창원시,경상남도,35.2279560,128.6818586,353106.67,293699.29,ok,26.74,0.946,227.318,76.434,-9.381,36.121,23.563,3.756,9.855,38.595,32.276,9.743,-5.169,-13.403,-2.278,3.079,3057,8,19.38
337,chunk,doc_0290_c00,plc_017,doc_0290_c00,창원,창원,경상남도 창원시,경상남도,35.2279560,128.6818586,353106.67,293699.29,ok,26.74,0.946,227.318,76.434,-9.381,36.121,23.563,3.756,9.855,38.595,32.276,9.743,-5.169,-13.403,-2.278,3.079,3057,8,19.38
338,chunk,doc_0291_c00,plc_017,doc_0291_c00,창원,창원,경상남도 창원시,경상남도,35.2279560,128.6818586,353106.67,293699.29,ok,26.74,0.946,227.318,76.434,-9.381,36.121,23.563,3.756,9.855,38.595,32.276,9.743,-5.169,-13.403,-2.278,3.079,3057,8,19.38
339,chunk,doc_0292_c00,plc_017,doc_0292_c00,창원,창원,경상남도 창원시,경상남도,35.2279560,128.6818586,353106.67,293699.29,ok,26.74,0.946,227.318,76.434,-9.381,36.121,23.563,3.756,9.855,38.595,32.276,9.743,-5.169,-13.403,-2.278,3.079,3057,8,19.38
340,chunk,doc_0293_c00,plc_017,doc_0293_c00,창원,창원,경상남도 창원시,경상남도,35.2279560,128.6818586,353106.67,293699.29,ok,26.74,0.946,227.318,76.434,-9.381,36.121,23.563,3.756,9.855,38.595,32.276,9.743,-5.169,-13.403,-2.278,3.079,3057,8,19.38
341,chunk,doc_0294_c00,plc_017,doc_0294_c00,창원,창원,경상남도 창원시,경상남도,35.2279560,128.6818586,353106.67,293699.29,ok,26.74,0.946,227.318,76.434,-9.381,36.121,23.563,3.756,9.855,38.595,32.276,9.743,-5.169,-13.403,-2.278,3.079,3057,8,19.38
342,chunk,doc_0295_c00,plc_017,doc_0295_c00,창원,창원,경상남도 창원시,경상남도,35.2279560,128.6818586,353106.67,293699.29,ok,26.74,0.946,227.318,76.434,-9.381,36.121,23.563,3.756,9.855,38.595,32.276,9.743,-5.169,-13.403,-2.278,3.079,3057,8,19.38
343,chunk,doc_0296_c00,plc_017,doc_0296_c00,창원,창원,경상남도 창원시,경상남도,35.2279560,128.6818586,353106.67,293699.29,ok,26.74,0.946,227.318,76.434,-9.381,36.121,23.563,3.756,9.855,38.595,32.276,9.743,-5.169,-13.403,-2.278,3.079,3057,8,19.38
344,chunk,doc_0297_c00,plc_017,doc_0297_c00,창원,창원,경상남도 창원시,경상남도,35.2279560,128.6818586,353106.67,293699.29,ok,26.74,0.946,227.318,76.434,-9.381,36.121,23.563,3.756,9.855,38.595,32.276,9.743,-5.169,-13.403,-2.278,3.079,3057,8,19.38
345,chunk,doc_0298_c00,plc_017,doc_0298_c00,창원,창원,경상남도 창원시,경상남도,35.2279560,128.6818586,353106.67,293699.29,ok,26.74,0.946,227.318,76.434,-9.381,36.121,23.563,3.756,9.855,38.595,32.276,9.743,-5.169,-13.403,-2.278,3.079,3057,8,19.38
346,chunk,doc_0299_c00,plc_018,doc_0299_c00,칠원,칠원,경상남도 함안군 칠원읍,경상남도,35.2956400,128.5218600,338439.82,300994.13,ok,108.3,9.97,312.22,122.83,47.434,60.866,38.942,8.004,-64.226,-23.151,-16.947,-4.644,-61.319,-68.078,-76.364,-64.936,1961,8,38.43
347,chunk,doc_0300_c00,plc_018,doc_0300_c00,칠원,칠원,경상남도 함안군 칠원읍,경상남도,35.2956400,128.5218600,338439.82,300994.13,ok,108.3,9.97,312.22,122.83,47.434,60.866,38.942,8.004,-64.226,-23.151,-16.947,-4.644,-61.319,-68.078,-76.364,-64.936,1961,8,38.43
348,chunk,doc_0301_c00,plc_018,doc_0301_c00,칠원,칠원,경상남도 함안군 칠원읍,경상남도,35.2956400,128.5218600,338439.82,300994.13,ok,108.3,9.97,312.22,122.83,47.434,60.866,38.942,8.004,-64.226,-23.151,-16.947,-4.644,-61.319,-68.078,-76.364,-64.936,1961,8,38.43
349,chunk,doc_0302_c00,plc_019,doc_0302_c00,함안,함안,경상남도 함안군,경상남도,35.2726875,128.4065038,327999.82,298294.13,ok,17.1,4.653,48.141,98.65,-11.908,29.008,31.455,4.966,-7.519,-5.435,34.827,20.018,33.286,20.028,1.733,-1.628,1961,8,46.98
350,chunk,doc_0303_c00,plc_018,doc_0303_c00,칠원,칠원,경상남도 함안군 칠원읍,경상남도,35.2956400,128.5218600,338439.82,300994.13,ok,108.3,9.97,312.22,122.83,47.434,60.866,38.942,8.004,-64.226,-23.151,-16.947,-4.644,-61.319,-68.078,-76.364,-64.936,1961,8,38.43
351,chunk,doc_0304_c00,plc_019,doc_0304_c00,함안,함안,경상남도 함안군,경상남도,35.2726875,128.4065038,327999.82,298294.13,ok,17.1,4.653,48.141,98.65,-11.908,29.008,31.455,4.966,-7.519,-5.435,34.827,20.018,33.286,20.028,1.733,-1.628,1961,8,46.98
352,chunk,doc_0305_c00,plc_019,doc_0305_c00,함안,함안,경상남도 함안군,경상남도,35.2726875,128.4065038,327999.82,298294.13,ok,17.1,4.653,48.141,98.65,-11.908,29.008,31.455,4.966,-7.519,-5.435,34.827,20.018,33.286,20.028,1.733,-1.628,1961,8,46.98
353,chunk,doc_0306_c00,plc_019,doc_0306_c00,함안,함안,경상남도 함안군,경상남도,35.2726875,128.4065038,327999.82,298294.13,ok,17.1,4.653,48.141,98.65,-11.908,29.008,31.455,4.966,-7.519,-5.435,34.827,20.018,33.286,20.028,1.733,-1.628,1961,8,46.98
354,chunk,doc_0307_c00,plc_019,doc_0307_c00,함안,함안,경상남도 함안군,경상남도,35.2726875,128.4065038,327999.82,298294.13,ok,17.1,4.653,48.141,98.65,-11.908,29.008,31.455,4.966,-7.519,-5.435,34.827,20.018,33.286,20.028,1.733,-1.628,1961,8,46.98
355,chunk,doc_0308_c00,plc_019,doc_0308_c00,함안,함안,경상남도 함안군,경상남도,35.2726875,128.4065038,327999.82,298294.13,ok,17.1,4.653,48.141,98.65,-11.908,29.008,31.455,4.966,-7.519,-5.435,34.827,20.018,33.286,20.028,1.733,-1.628,1961,8,46.98
356,chunk,doc_0309_c00,plc_019,doc_0309_c00,함안,함안,경상남도 함안군,경상남도,35.2726875,128.4065038,327999.82,298294.13,ok,17.1,4.653,48.141,98.65,-11.908,29.008,31.455,4.966,-7.519,-5.435,34.827,20.018,33.286,20.028,1.733,-1.628,1961,8,46.98
357,chunk,doc_0310_c00,plc_019,doc_0310_c00,함안,함안,경상남도 함안군,경상남도,35.2726875,128.4065038,327999.82,298294.13,ok,17.1,4.653,48.141,98.65,-11.908,29.008,31.455,4.966,-7.519,-5.435,34.827,20.018,33.286,20.028,1.733,-1.628,1961,8,46.98
358,chunk,doc_0311_c00,plc_019,doc_0311_c00,함안,함안,경상남도 함안군,경상남도,35.2726875,128.4065038,327999.82,298294.13,ok,17.1,4.653,48.141,98.65,-11.908,29.008,31.455,4.966,-7.519,-5.435,34.827,20.018,33.286,20.028,1.733,-1.628,1961,8,46.98
359,chunk,doc_0312_c00,plc_019,doc_0312_c00,함안,함안,경상남도 함안군,경상남도,35.2726875,128.4065038,327999.82,298294.13,ok,17.1,4.653,48.141,98.65,-11.908,29.008,31.455,4.966,-7.519,-5.435,34.827,20.018,33.286,20.028,1.733,-1.628,1961,8,46.98
360,chunk,doc_0313_c00,plc_019,doc_0313_c00,함안,함안,경상남도 함안군,경상남도,35.2726875,128.4065038,327999.82,298294.13,ok,17.1,4.653,48.141,98.65,-11.908,29.008,31.455,4.966,-7.519,-5.435,34.827,20.018,33.286,20.028,1.733,-1.628,1961,8,46.98
361,chunk,doc_0314_c00,plc_020,doc_0314_c00,의령,의령,경상남도 의령군,경상남도,35.3220030,128.2617827,314776.24,303559.72,ok,19.76,2.483,148.596,183.4,-50.887,70.647,59.268,10.789,70.551,19.632,-4.802,44.183,95.428,62.877,43.238,76.198,1961,8,41.62
362,chunk,doc_0315_c00,plc_020,doc_0315_c00,의령,의령,경상남도 의령군,경상남도,35.3220030,128.2617827,314776.24,303559.72,ok,19.76,2.483,148.596,183.4,-50.887,70.647,59.268,10.789,70.551,19.632,-4.802,44.183,95.428,62.877,43.238,76.198,1961,8,41.62
363,chunk,doc_0316_c00,plc_020,doc_0316_c00,의령,의령,경상남도 의령군,경상남도,35.3220030,128.2617827,314776.24,303559.72,ok,19.76,2.483,148.596,183.4,-50.887,70.647,59.268,10.789,70.551,19.632,-4.802,44.183,95.428,62.877,43.238,76.198,1961,8,41.62
364,chunk,doc_0317_c00,plc_020,doc_0317_c00,의령,의령,경상남도 의령군,경상남도,35.3220030,128.2617827,314776.24,303559.72,ok,19.76,2.483,148.596,183.4,-50.887,70.647,59.268,10.789,70.551,19.632,-4.802,44.183,95.428,62.877,43.238,76.198,1961,8,41.62
365,chunk,doc_0318_c00,plc_020,doc_0318_c00,의령,의령,경상남도 의령군,경상남도,35.3220030,128.2617827,314776.24,303559.72,ok,19.76,2.483,148.596,183.4,-50.887,70.647,59.268,10.789,70.551,19.632,-4.802,44.183,95.428,62.877,43.238,76.198,1961,8,41.62
366,chunk,doc_0319_c00,plc_021,doc_0319_c00,진주,진주,경상남도 진주시,경상남도,35.1803459,128.1079953,300899.29,287654.13,ok,22.41,0.2,142.765,64.25,-11.316,33.726,20.495,3.707,25.41,0.399,-1.413,4.361,6.324,17.299,6.132,32.061,1961,8,29.42
367,chunk,doc_0320_c00,plc_020,doc_0320_c00,의령,의령,경상남도 의령군,경상남도,35.3220030,128.2617827,314776.24,303559.72,ok,19.76,2.483,148.596,183.4,-50.887,70.647,59.268,10.789,70.551,19.632,-4.802,44.183,95.428,62.877,43.238,76.198,1961,8,41.62
368,chunk,doc_0321_c00,plc_020,doc_0321_c00,의령,의령,경상남도 의령군,경상남도,35.3220030,128.2617827,314776.24,303559.72,ok,19.76,2.483,148.596,183.4,-50.887,70.647,59.268,10.789,70.551,19.632,-4.802,44.183,95.428,62.877,43.238,76.198,1961,8,41.62
369,chunk,doc_0322_c00,plc_020,doc_0322_c00,의령,의령,경상남도 의령군,경상남도,35.3220030,128.2617827,314776.24,303559.72,ok,19.76,2.483,148.596,183.4,-50.887,70.647,59.268,10.789,70.551,19.632,-4.802,44.183,95.428,62.877,43.238,76.198,1961,8,41.62
370,chunk,doc_0323_c00,plc_020,doc_0323_c00,의령,의령,경상남도 의령군,경상남도,35.3220030,128.2617827,314776.24,303559.72,ok,19.76,2.483,148.596,183.4,-50.887,70.647,59.268,10.789,70.551,19.632,-4.802,44.183,95.428,62.877,43.238,76.198,1961,8,41.62
371,chunk,doc_0324_c00,plc_020,doc_0324_c00,의령,의령,경상남도 의령군,경상남도,35.3220030,128.2617827,314776.24,303559.72,ok,19.76,2.483,148.596,183.4,-50.887,70.647,59.268,10.789,70.551,19.632,-4.802,44.183,95.428,62.877,43.238,76.198,1961,8,41.62
372,chunk,doc_0325_c00,plc_021,doc_0325_c00,진주,진주,경상남도 진주시,경상남도,35.1803459,128.1079953,300899.29,287654.13,ok,22.41,0.2,142.765,64.25,-11.316,33.726,20.495,3.707,25.41,0.399,-1.413,4.361,6.324,17.299,6.132,32.061,1961,8,29.42
373,chunk,doc_0326_c00,plc_021,doc_0326_c00,진주,진주,경상남도 진주시,경상남도,35.1803459,128.1079953,300899.29,287654.13,ok,22.41,0.2,142.765,64.25,-11.316,33.726,20.495,3.707,25.41,0.399,-1.413,4.361,6.324,17.299,6.132,32.061,1961,8,29.42
374,chunk,doc_0327_c00,plc_021,doc_0327_c00,진주,진주,경상남도 진주시,경상남도,35.1803459,128.1079953,300899.29,287654.13,ok,22.41,0.2,142.765,64.25,-11.316,33.726,20.495,3.707,25.41,0.399,-1.413,4.361,6.324,17.299,6.132,32.061,1961,8,29.42
375,chunk,doc_0328_c00,plc_021,doc_0328_c00,진주,진주,경상남도 진주시,경상남도,35.1803459,128.1079953,300899.29,287654.13,ok,22.41,0.2,142.765,64.25,-11.316,33.726,20.495,3.707,25.41,0.399,-1.413,4.361,6.324,17.299,6.132,32.061,1961,8,29.42
376,chunk,doc_0329_c00,plc_021,doc_0329_c00,진주,진주,경상남도 진주시,경상남도,35.1803459,128.1079953,300899.29,287654.13,ok,22.41,0.2,142.765,64.25,-11.316,33.726,20.495,3.707,25.41,0.399,-1.413,4.361,6.324,17.299,6.132,32.061,1961,8,29.42
377,chunk,doc_0330_c00,plc_021,doc_0330_c00,진주,진주,경상남도 진주시,경상남도,35.1803459,128.1079953,300899.29,287654.13,ok,22.41,0.2,142.765,64.25,-11.316,33.726,20.495,3.707,25.41,0.399,-1.413,4.361,6.324,17.299,6.132,32.061,1961,8,29.42
378,chunk,doc_0331_c00,plc_021,doc_0331_c00,진주,진주,경상남도 진주시,경상남도,35.1803459,128.1079953,300899.29,287654.13,ok,22.41,0.2,142.765,64.25,-11.316,33.726,20.495,3.707,25.41,0.399,-1.413,4.361,6.324,17.299,6.132,32.061,1961,8,29.42
379,chunk,doc_0332_c00,plc_021,doc_0332_c00,진주,진주,경상남도 진주시,경상남도,35.1803459,128.1079953,300899.29,287654.13,ok,22.41,0.2,142.765,64.25,-11.316,33.726,20.495,3.707,25.41,0.399,-1.413,4.361,6.324,17.299,6.132,32.061,1961,8,29.42
380,chunk,doc_0333_c00,plc_021,doc_0333_c00,진주,진주,경상남도 진주시,경상남도,35.1803459,128.1079953,300899.29,287654.13,ok,22.41,0.2,142.765,64.25,-11.316,33.726,20.495,3.707,25.41,0.399,-1.413,4.361,6.324,17.299,6.132,32.061,1961,8,29.42
381,chunk,doc_0334_c00,plc_021,doc_0334_c00,진주,진주,경상남도 진주시,경상남도,35.1803459,128.1079953,300899.29,287654.13,ok,22.41,0.2,142.765,64.25,-11.316,33.726,20.495,3.707,25.41,0.399,-1.413,4.361,6.324,17.299,6.132,32.061,1961,8,29.42
382,chunk,doc_0335_c00,plc_021,doc_0335_c00,진주,진주,경상남도 진주시,경상남도,35.1803459,128.1079953,300899.29,287654.13,ok,22.41,0.2,142.765,64.25,-11.316,33.726,20.495,3.707,25.41,0.399,-1.413,4.361,6.324,17.299,6.132,32.061,1961,8,29.42
383,chunk,doc_0336_c00,plc_021,doc_0336_c00,진주,진주,경상남도 진주시,경상남도,35.1803459,128.1079953,300899.29,287654.13,ok,22.41,0.2,142.765,64.25,-11.316,33.726,20.495,3.707,25.41,0.399,-1.413,4.361,6.324,17.299,6.132,32.061,1961,8,29.42
384,chunk,doc_0337_c00,plc_022,doc_0337_c00,고성,고성,경상남도 고성군,경상남도,34.9732784,128.3222330,320724.77,264885.44,ok,15.66,1.348,203.856,44.42,-2.336,17.996,15.083,3.193,-2.76,-8.924,-4.315,10.233,10.501,10.105,-1.123,7.843,1875,8,49.04
385,chunk,doc_0338_c00,plc_022,doc_0338_c00,고성,고성,경상남도 고성군,경상남도,34.9732784,128.3222330,320724.77,264885.44,ok,15.66,1.348,203.856,44.42,-2.336,17.996,15.083,3.193,-2.76,-8.924,-4.315,10.233,10.501,10.105,-1.123,7.843,1875,8,49.04
386,chunk,doc_0339_c00,plc_022,doc_0339_c00,고성,고성,경상남도 고성군,경상남도,34.9732784,128.3222330,320724.77,264885.44,ok,15.66,1.348,203.856,44.42,-2.336,17.996,15.083,3.193,-2.76,-8.924,-4.315,10.233,10.501,10.105,-1.123,7.843,1875,8,49.04
387,chunk,doc_0340_c00,plc_022,doc_0340_c00,고성,고성,경상남도 고성군,경상남도,34.9732784,128.3222330,320724.77,264885.44,ok,15.66,1.348,203.856,44.42,-2.336,17.996,15.083,3.193,-2.76,-8.924,-4.315,10.233,10.501,10.105,-1.123,7.843,1875,8,49.04
388,chunk,doc_0341_c00,plc_022,doc_0341_c00,고성,고성,경상남도 고성군,경상남도,34.9732784,128.3222330,320724.77,264885.44,ok,15.66,1.348,203.856,44.42,-2.336,17.996,15.083,3.193,-2.76,-8.924,-4.315,10.233,10.501,10.105,-1.123,7.843,1875,8,49.04
389,chunk,doc_0342_c00,plc_022,doc_0342_c00,고성,고성,경상남도 고성군,경상남도,34.9732784,128.3222330,320724.77,264885.44,ok,15.66,1.348,203.856,44.42,-2.336,17.996,15.083,3.193,-2.76,-8.924,-4.315,10.233,10.501,10.105,-1.123,7.843,1875,8,49.04
390,chunk,doc_0343_c00,plc_023,doc_0343_c00,진해,진해,경상남도 창원시 진해구,경상남도,35.1319000,128.7103000,355911.7,283105.67,ok,66.78,9.609,280.805,400.534,-63.451,130.231,127.804,13.372,-14.053,164.306,230.812,135.746,7.86,-49.905,-54.641,-56.169,1657,8,45.64
391,chunk,doc_0344_c00,plc_023,doc_0344_c00,진해,진해,경상남도 창원시 진해구,경상남도,35.1319000,128.7103000,355911.7,283105.67,ok,66.78,9.609,280.805,400.534,-63.451,130.231,127.804,13.372,-14.053,164.306,230.812,135.746,7.86,-49.905,-54.641,-56.169,1657,8,45.64
392,chunk,doc_0345_c00,plc_023,doc_0345_c00,진해,진해,경상남도 창원시 진해구,경상남도,35.1319000,128.7103000,355911.7,283105.67,ok,66.78,9.609,280.805,400.534,-63.451,130.231,127.804,13.372,-14.053,164.306,230.812,135.746,7.86,-49.905,-54.641,-56.169,1657,8,45.64
393,chunk,doc_0346_c00,plc_023,doc_0346_c00,진해,진해,경상남도 창원시 진해구,경상남도,35.1319000,128.7103000,355911.7,283105.67,ok,66.78,9.609,280.805,400.534,-63.451,130.231,127.804,13.372,-14.053,164.306,230.812,135.746,7.86,-49.905,-54.641,-56.169,1657,8,45.64
394,chunk,doc_0347_c00,plc_024,doc_0347_c00,하동,하동,경상남도 하동군,경상남도,35.0679208,127.7552641,268928.88,274877.53,ok,2.2,0.076,16.526,155.264,-33.412,35.612,49.731,8.367,118.804,46.133,27.921,10.105,4.761,33.77,11.713,52.464,2540,8,40.82
395,chunk,doc_0348_c00,plc_024,doc_0348_c00,하동,하동,경상남도 하동군,경상남도,35.0679208,127.7552641,268928.88,274877.53,ok,2.2,0.076,16.526,155.264,-33.412,35.612,49.731,8.367,118.804,46.133,27.921,10.105,4.761,33.77,11.713,52.464,2540,8,40.82
396,chunk,doc_0349_c00,plc_024,doc_0349_c00,하동,하동,경상남도 하동군,경상남도,35.0679208,127.7552641,268928.88,274877.53,ok,2.2,0.076,16.526,155.264,-33.412,35.612,49.731,8.367,118.804,46.133,27.921,10.105,4.761,33.77,11.713,52.464,2540,8,40.82
397,chunk,doc_0350_c00,plc_024,doc_0350_c00,하동,하동,경상남도 하동군,경상남도,35.0679208,127.7552641,268928.88,274877.53,ok,2.2,0.076,16.526,155.264,-33.412,35.612,49.731,8.367,118.804,46.133,27.921,10.105,4.761,33.77,11.713,52.464,2540,8,40.82
398,chunk,doc_0351_c00,plc_024,doc_0351_c00,하동,하동,경상남도 하동군,경상남도,35.0679208,127.7552641,268928.88,274877.53,ok,2.2,0.076,16.526,155.264,-33.412,35.612,49.731,8.367,118.804,46.133,27.921,10.105,4.761,33.77,11.713,52.464,2540,8,40.82
399,chunk,doc_0352_c00,plc_024,doc_0352_c00,하동,하동,경상남도 하동군,경상남도,35.0679208,127.7552641,268928.88,274877.53,ok,2.2,0.076,16.526,155.264,-33.412,35.612,49.731,8.367,118.804,46.133,27.921,10.105,4.761,33.77,11.713,52.464,2540,8,40.82
400,chunk,doc_0353_c00,plc_024,doc_0353_c00,하동,하동,경상남도 하동군,경상남도,35.0679208,127.7552641,268928.88,274877.53,ok,2.2,0.076,16.526,155.264,-33.412,35.612,49.731,8.367,118.804,46.133,27.921,10.105,4.761,33.77,11.713,52.464,2540,8,40.82
401,chunk,doc_0354_c00,plc_025,doc_0354_c00,사천,사천,경상남도 사천시,경상남도,35.0034680,128.0645620,297205.55,267987.76,ok,32.04,3.427,246.449,262.485,-48.494,80.534,84.723,10.324,-0.204,76.167,131.185,164.617,37.318,-4.495,-18.504,-22.327,1875,8,27.59
402,chunk,doc_0355_c00,plc_025,doc_0355_c00,사천,사천,경상남도 사천시,경상남도,35.0034680,128.0645620,297205.55,267987.76,ok,32.04,3.427,246.449,262.485,-48.494,80.534,84.723,10.324,-0.204,76.167,131.185,164.617,37.318,-4.495,-18.504,-22.327,1875,8,27.59
403,chunk,doc_0356_c00,plc_025,doc_0356_c00,사천,사천,경상남도 사천시,경상남도,35.0034680,128.0645620,297205.55,267987.76,ok,32.04,3.427,246.449,262.485,-48.494,80.534,84.723,10.324,-0.204,76.167,131.185,164.617,37.318,-4.495,-18.504,-22.327,1875,8,27.59
404,chunk,doc_0357_c00,plc_025,doc_0357_c00,사천,사천,경상남도 사천시,경상남도,35.0034680,128.0645620,297205.55,267987.76,ok,32.04,3.427,246.449,262.485,-48.494,80.534,84.723,10.324,-0.204,76.167,131.185,164.617,37.318,-4.495,-18.504,-22.327,1875,8,27.59
405,chunk,doc_0358_c00,plc_025,doc_0358_c00,사천,사천,경상남도 사천시,경상남도,35.0034680,128.0645620,297205.55,267987.76,ok,32.04,3.427,246.449,262.485,-48.494,80.534,84.723,10.324,-0.204,76.167,131.185,164.617,37.318,-4.495,-18.504,-22.327,1875,8,27.59
406,chunk,doc_0359_c00,plc_026,doc_0359_c00,곤양,곤양,경상남도 사천시 곤양면,경상남도,35.0677100,127.9811700,289465.55,275007.76,ok,27.68,15.874,83.877,135.2,-23.807,51.487,43.951,11.6,66.259,15.764,17.833,-2.98,4.289,4.927,17.138,67.325,1961,8,50.21
407,chunk,doc_0360_c00,plc_026,doc_0360_c00,곤양,곤양,경상남도 사천시 곤양면,경상남도,35.0677100,127.9811700,289465.55,275007.76,ok,27.68,15.874,83.877,135.2,-23.807,51.487,43.951,11.6,66.259,15.764,17.833,-2.98,4.289,4.927,17.138,67.325,1961,8,50.21
408,chunk,doc_0361_c00,plc_026,doc_0361_c00,곤양,곤양,경상남도 사천시 곤양면,경상남도,35.0677100,127.9811700,289465.55,275007.76,ok,27.68,15.874,83.877,135.2,-23.807,51.487,43.951,11.6,66.259,15.764,17.833,-2.98,4.289,4.927,17.138,67.325,1961,8,50.21
409,chunk,doc_0362_c00,plc_026,doc_0362_c00,곤양,곤양,경상남도 사천시 곤양면,경상남도,35.0677100,127.9811700,289465.55,275007.76,ok,27.68,15.874,83.877,135.2,-23.807,51.487,43.951,11.6,66.259,15.764,17.833,-2.98,4.289,4.927,17.138,67.325,1961,8,50.21
410,chunk,doc_0363_c00,plc_027,doc_0363_c00,거제,거제,경상남도 거제시,경상남도,34.8804677,128.6212070,348181.41,255077.49,ok,37.43,5.01,54.648,435.242,-101.481,138.911,144.433,15.52,-26.359,-7.899,76.742,6.847,225.661,305.458,177.826,-6.462,1845,8,57.82
411,chunk,doc_0364_c00,plc_026,doc_0364_c00,곤양,곤양,경상남도 사천시 곤양면,경상남도,35.0677100,127.9811700,289465.55,275007.76,ok,27.68,15.874,83.877,135.2,-23.807,51.487,43.951,11.6,66.259,15.764,17.833,-2.98,4.289,4.927,17.138,67.325,1961,8,50.21
412,chunk,doc_0365_c00,plc_026,doc_0365_c00,곤양,곤양,경상남도 사천시 곤양면,경상남도,35.0677100,127.9811700,289465.55,275007.76,ok,27.68,15.874,83.877,135.2,-23.807,51.487,43.951,11.6,66.259,15.764,17.833,-2.98,4.289,4.927,17.138,67.325,1961,8,50.21
413,chunk,doc_0366_c00,plc_027,doc_0366_c00,거제,거제,경상남도 거제시,경상남도,34.8804677,128.6212070,348181.41,255077.49,ok,37.43,5.01,54.648,435.242,-101.481,138.911,144.433,15.52,-26.359,-7.899,76.742,6.847,225.661,305.458,177.826,-6.462,1845,8,57.82
414,chunk,doc_0367_c00,plc_027,doc_0367_c00,거제,거제,경상남도 거제시,경상남도,34.8804677,128.6212070,348181.41,255077.49,ok,37.43,5.01,54.648,435.242,-101.481,138.911,144.433,15.52,-26.359,-7.899,76.742,6.847,225.661,305.458,177.826,-6.462,1845,8,57.82
415,chunk,doc_0368_c00,plc_027,doc_0368_c00,거제,거제,경상남도 거제시,경상남도,34.8804677,128.6212070,348181.41,255077.49,ok,37.43,5.01,54.648,435.242,-101.481,138.911,144.433,15.52,-26.359,-7.899,76.742,6.847,225.661,305.458,177.826,-6.462,1845,8,57.82
416,chunk,doc_0369_c00,plc_027,doc_0369_c00,거제,거제,경상남도 거제시,경상남도,34.8804677,128.6212070,348181.41,255077.49,ok,37.43,5.01,54.648,435.242,-101.481,138.911,144.433,15.52,-26.359,-7.899,76.742,6.847,225.661,305.458,177.826,-6.462,1845,8,57.82
417,chunk,doc_0370_c00,plc_027,doc_0370_c00,거제,거제,경상남도 거제시,경상남도,34.8804677,128.6212070,348181.41,255077.49,ok,37.43,5.01,54.648,435.242,-101.481,138.911,144.433,15.52,-26.359,-7.899,76.742,6.847,225.661,305.458,177.826,-6.462,1845,8,57.82
418,chunk,doc_0371_c00,plc_029,doc_0371_c00,함양,함양,경상남도 함양군,경상남도,35.5204145,127.7252966,265804.05,325109.52,ok,166.9,0.23,146.586,89.85,-19.661,186.561,27.198,5.259,51.362,7.99,-0.259,-0.791,11.756,27.395,33.429,26.483,1961,8,37.97
419,chunk,doc_0372_c00,plc_029,doc_0372_c00,함양,함양,경상남도 함양군,경상남도,35.5204145,127.7252966,265804.05,325109.52,ok,166.9,0.23,146.586,89.85,-19.661,186.561,27.198,5.259,51.362,7.99,-0.259,-0.791,11.756,27.395,33.429,26.483,1961,8,37.97
420,chunk,doc_0373_c00,plc_029,doc_0373_c00,함양,함양,경상남도 함양군,경상남도,35.5204145,127.7252966,265804.05,325109.52,ok,166.9,0.23,146.586,89.85,-19.661,186.561,27.198,5.259,51.362,7.99,-0.259,-0.791,11.756,27.395,33.429,26.483,1961,8,37.97
421,chunk,doc_0374_c00,plc_029,doc_0374_c00,함양,함양,경상남도 함양군,경상남도,35.5204145,127.7252966,265804.05,325109.52,ok,166.9,0.23,146.586,89.85,-19.661,186.561,27.198,5.259,51.362,7.99,-0.259,-0.791,11.756,27.395,33.429,26.483,1961,8,37.97
422,chunk,doc_0375_c00,plc_029,doc_0375_c00,함양,함양,경상남도 함양군,경상남도,35.5204145,127.7252966,265804.05,325109.52,ok,166.9,0.23,146.586,89.85,-19.661,186.561,27.198,5.259,51.362,7.99,-0.259,-0.791,11.756,27.395,33.429,26.483,1961,8,37.97
423,chunk,doc_0376_c00,plc_029,doc_0376_c00,함양,함양,경상남도 함양군,경상남도,35.5204145,127.7252966,265804.05,325109.52,ok,166.9,0.23,146.586,89.85,-19.661,186.561,27.198,5.259,51.362,7.99,-0.259,-0.791,11.756,27.395,33.429,26.483,1961,8,37.97
424,chunk,doc_0377_c00,plc_029,doc_0377_c00,함양,함양,경상남도 함양군,경상남도,35.5204145,127.7252966,265804.05,325109.52,ok,166.9,0.23,146.586,89.85,-19.661,186.561,27.198,5.259,51.362,7.99,-0.259,-0.791,11.756,27.395,33.429,26.483,1961,8,37.97
425,chunk,doc_0378_c00,plc_029,doc_0378_c00,함양,함양,경상남도 함양군,경상남도,35.5204145,127.7252966,265804.05,325109.52,ok,166.9,0.23,146.586,89.85,-19.661,186.561,27.198,5.259,51.362,7.99,-0.259,-0.791,11.756,27.395,33.429,26.483,1961,8,37.97
426,chunk,doc_0379_c00,plc_029,doc_0379_c00,함양,함양,경상남도 함양군,경상남도,35.5204145,127.7252966,265804.05,325109.52,ok,166.9,0.23,146.586,89.85,-19.661,186.561,27.198,5.259,51.362,7.99,-0.259,-0.791,11.756,27.395,33.429,26.483,1961,8,37.97
427,chunk,doc_0380_c00,plc_029,doc_0380_c00,함양,함양,경상남도 함양군,경상남도,35.5204145,127.7252966,265804.05,325109.52,ok,166.9,0.23,146.586,89.85,-19.661,186.561,27.198,5.259,51.362,7.99,-0.259,-0.791,11.756,27.395,33.429,26.483,1961,8,37.97
428,chunk,doc_0381_c00,plc_029,doc_0381_c00,함양,함양,경상남도 함양군,경상남도,35.5204145,127.7252966,265804.05,325109.52,ok,166.9,0.23,146.586,89.85,-19.661,186.561,27.198,5.259,51.362,7.99,-0.259,-0.791,11.756,27.395,33.429,26.483,1961,8,37.97
429,chunk,doc_0382_c00,plc_029,doc_0382_c00,함양,함양,경상남도 함양군,경상남도,35.5204145,127.7252966,265804.05,325109.52,ok,166.9,0.23,146.586,89.85,-19.661,186.561,27.198,5.259,51.362,7.99,-0.259,-0.791,11.756,27.395,33.429,26.483,1961,8,37.97
430,chunk,doc_0383_c00,plc_029,doc_0383_c00,함양,함양,경상남도 함양군,경상남도,35.5204145,127.7252966,265804.05,325109.52,ok,166.9,0.23,146.586,89.85,-19.661,186.561,27.198,5.259,51.362,7.99,-0.259,-0.791,11.756,27.395,33.429,26.483,1961,8,37.97
431,chunk,doc_0384_c00,plc_030|plc_031,doc_0384_c00,산청,산청,경상남도 산청군,경상남도,35.4154624,127.8736630,279382.19,313550.46,ok,99.66,2.707,104.387,253.45,-63.792,163.452,83.23,10.981,37.749,72.776,75.779,37.62,57.193,175.33,28.052,26.095,1961,8,33.43
432,chunk,doc_0385_c00,plc_030|plc_031,doc_0385_c00,산청,산청,경상남도 산청군,경상남도,35.4154624,127.8736630,279382.19,313550.46,ok,99.66,2.707,104.387,253.45,-63.792,163.452,83.23,10.981,37.749,72.776,75.779,37.62,57.193,175.33,28.052,26.095,1961,8,33.43
433,chunk,doc_0386_c00,plc_030|plc_031,doc_0386_c00,산청,산청,경상남도 산청군,경상남도,35.4154624,127.8736630,279382.19,313550.46,ok,99.66,2.707,104.387,253.45,-63.792,163.452,83.23,10.981,37.749,72.776,75.779,37.62,57.193,175.33,28.052,26.095,1961,8,33.43
434,chunk,doc_0387_c00,plc_030|plc_031,doc_0387_c00,산청,산청,경상남도 산청군,경상남도,35.4154624,127.8736630,279382.19,313550.46,ok,99.66,2.707,104.387,253.45,-63.792,163.452,83.23,10.981,37.749,72.776,75.779,37.62,57.193,175.33,28.052,26.095,1961,8,33.43
435,chunk,doc_0388_c00,plc_030|plc_031,doc_0388_c00,산청,산청,경상남도 산청군,경상남도,35.4154624,127.8736630,279382.19,313550.46,ok,99.66,2.707,104.387,253.45,-63.792,163.452,83.23,10.981,37.749,72.776,75.779,37.62,57.193,175.33,28.052,26.095,1961,8,33.43
436,chunk,doc_0389_c00,plc_032,doc_0389_c00,안의,안의,경상남도 함양군 안의면,경상남도,35.6418600,127.8175400,274084.05,338609.52,ok,213.31,2.36,129.942,197.392,-55.301,268.611,62.729,9.715,105.704,127.871,60.086,45.702,-10.388,0.438,40.278,67.317,1980,8,39.33
437,chunk,doc_0390_c00,plc_032,doc_0390_c00,안의,안의,경상남도 함양군 안의면,경상남도,35.6418600,127.8175400,274084.05,338609.52,ok,213.31,2.36,129.942,197.392,-55.301,268.611,62.729,9.715,105.704,127.871,60.086,45.702,-10.388,0.438,40.278,67.317,1980,8,39.33
438,chunk,doc_0391_c00,plc_032,doc_0391_c00,안의,안의,경상남도 함양군 안의면,경상남도,35.6418600,127.8175400,274084.05,338609.52,ok,213.31,2.36,129.942,197.392,-55.301,268.611,62.729,9.715,105.704,127.871,60.086,45.702,-10.388,0.438,40.278,67.317,1980,8,39.33
439,chunk,doc_0392_c00,plc_033,doc_0392_c00,안음,안음,경상남도 함양군 서상면,경상남도,35.6909100,127.6815000,261664.05,343919.52,ok,478.85,13.377,150.282,254.99,-25.622,504.472,80.114,10.181,32.08,42.395,-4.007,-39.719,-61.72,-7.021,107.0,136.075,1961,8,48.89
440,chunk,doc_0393_c00,plc_034,doc_0393_c00,삼가,삼가,경상남도 합천군 삼가면,경상남도,35.4116400,128.1134300,301115.7,313360.85,ok,107.51,2.809,319.385,114.06,-19.487,126.997,37.269,9.423,21.405,13.588,15.253,26.24,43.138,25.119,-9.075,20.309,1961,8,32.64
441,chunk,doc_0394_c00,plc_034,doc_0394_c00,삼가,삼가,경상남도 합천군 삼가면,경상남도,35.4116400,128.1134300,301115.7,313360.85,ok,107.51,2.809,319.385,114.06,-19.487,126.997,37.269,9.423,21.405,13.588,15.253,26.24,43.138,25.119,-9.075,20.309,1961,8,32.64
442,chunk,doc_0395_c00,plc_034,doc_0395_c00,삼가,삼가,경상남도 합천군 삼가면,경상남도,35.4116400,128.1134300,301115.7,313360.85,ok,107.51,2.809,319.385,114.06,-19.487,126.997,37.269,9.423,21.405,13.588,15.253,26.24,43.138,25.119,-9.075,20.309,1961,8,32.64
443,chunk,doc_0396_c00,plc_034,doc_0396_c00,삼가,삼가,경상남도 합천군 삼가면,경상남도,35.4116400,128.1134300,301115.7,313360.85,ok,107.51,2.809,319.385,114.06,-19.487,126.997,37.269,9.423,21.405,13.588,15.253,26.24,43.138,25.119,-9.075,20.309,1961,8,32.64
444,chunk,doc_0397_c00,plc_034,doc_0397_c00,삼가,삼가,경상남도 합천군 삼가면,경상남도,35.4116400,128.1134300,301115.7,313360.85,ok,107.51,2.809,319.385,114.06,-19.487,126.997,37.269,9.423,21.405,13.588,15.253,26.24,43.138,25.119,-9.075,20.309,1961,8,32.64
445,chunk,doc_0398_c00,plc_034,doc_0398_c00,삼가,삼가,경상남도 합천군 삼가면,경상남도,35.4116400,128.1134300,301115.7,313360.85,ok,107.51,2.809,319.385,114.06,-19.487,126.997,37.269,9.423,21.405,13.588,15.253,26.24,43.138,25.119,-9.075,20.309,1961,8,32.64
446,chunk,doc_0399_c00,plc_035,doc_0399_c00,거창,거창,경상남도 거창군,경상남도,35.6872871,127.9138505,282677.79,343715.31,ok,193.52,0.494,94.342,50.6,-12.15,205.67,16.626,2.716,15.291,3.892,-1.023,-0.623,14.494,19.028,23.251,22.939,1961,8,46.66
447,chunk,doc_0400_c00,plc_035,doc_0400_c00,거창,거창,경상남도 거창군,경상남도,35.6872871,127.9138505,282677.79,343715.31,ok,193.52,0.494,94.342,50.6,-12.15,205.67,16.626,2.716,15.291,3.892,-1.023,-0.623,14.494,19.028,23.251,22.939,1961,8,46.66
448,chunk,doc_0401_c00,plc_035,doc_0401_c00,거창,거창,경상남도 거창군,경상남도,35.6872871,127.9138505,282677.79,343715.31,ok,193.52,0.494,94.342,50.6,-12.15,205.67,16.626,2.716,15.291,3.892,-1.023,-0.623,14.494,19.028,23.251,22.939,1961,8,46.66
449,chunk,doc_0402_c00,plc_035,doc_0402_c00,거창,거창,경상남도 거창군,경상남도,35.6872871,127.9138505,282677.79,343715.31,ok,193.52,0.494,94.342,50.6,-12.15,205.67,16.626,2.716,15.291,3.892,-1.023,-0.623,14.494,19.028,23.251,22.939,1961,8,46.66
450,chunk,doc_0403_c00,plc_035,doc_0403_c00,거창,거창,경상남도 거창군,경상남도,35.6872871,127.9138505,282677.79,343715.31,ok,193.52,0.494,94.342,50.6,-12.15,205.67,16.626,2.716,15.291,3.892,-1.023,-0.623,14.494,19.028,23.251,22.939,1961,8,46.66
451,chunk,doc_0404_c00,plc_036,doc_0404_c00,단성,단성,경상남도 산청군 단성면,경상남도,35.2806600,127.9248500,284152.19,298610.46,ok,201.75,6.98,304.415,161.01,68.877,132.873,49.154,9.905,-57.953,-46.793,-79.76,-113.584,-70.41,-49.786,-48.3,-84.714,1961,8,18.67
452,chunk,doc_0405_c00,plc_036,doc_0405_c00,단성,단성,경상남도 산청군 단성면,경상남도,35.2806600,127.9248500,284152.19,298610.46,ok,201.75,6.98,304.415,161.01,68.877,132.873,49.154,9.905,-57.953,-46.793,-79.76,-113.584,-70.41,-49.786,-48.3,-84.714,1961,8,18.67
453,chunk,doc_0406_c00,plc_037,doc_0406_c00,합천,합천,경상남도 합천군,경상남도,35.5664445,128.1658334,305705.7,330550.85,ok,43.36,2.425,96.365,118.22,-20.461,63.821,38.722,7.814,19.331,2.618,17.78,45.519,13.652,19.135,5.502,40.233,1961,8,20.72
454,chunk,doc_0407_c00,plc_036,doc_0407_c00,단성,단성,경상남도 산청군 단성면,경상남도,35.2806600,127.9248500,284152.19,298610.46,ok,201.75,6.98,304.415,161.01,68.877,132.873,49.154,9.905,-57.953,-46.793,-79.76,-113.584,-70.41,-49.786,-48.3,-84.714,1961,8,18.67
455,chunk,doc_0408_c00,plc_037,doc_0408_c00,합천,합천,경상남도 합천군,경상남도,35.5664445,128.1658334,305705.7,330550.85,ok,43.36,2.425,96.365,118.22,-20.461,63.821,38.722,7.814,19.331,2.618,17.78,45.519,13.652,19.135,5.502,40.233,1961,8,20.72
456,chunk,doc_0409_c00,plc_037,doc_0409_c00,합천,합천,경상남도 합천군,경상남도,35.5664445,128.1658334,305705.7,330550.85,ok,43.36,2.425,96.365,118.22,-20.461,63.821,38.722,7.814,19.331,2.618,17.78,45.519,13.652,19.135,5.502,40.233,1961,8,20.72
457,chunk,doc_0410_c00,plc_037,doc_0410_c00,합천,합천,경상남도 합천군,경상남도,35.5664445,128.1658334,305705.7,330550.85,ok,43.36,2.425,96.365,118.22,-20.461,63.821,38.722,7.814,19.331,2.618,17.78,45.519,13.652,19.135,5.502,40.233,1961,8,20.72
458,chunk,doc_0411_c00,plc_037,doc_0411_c00,합천,합천,경상남도 합천군,경상남도,35.5664445,128.1658334,305705.7,330550.85,ok,43.36,2.425,96.365,118.22,-20.461,63.821,38.722,7.814,19.331,2.618,17.78,45.519,13.652,19.135,5.502,40.233,1961,8,20.72
459,chunk,doc_0412_c00,plc_037,doc_0412_c00,합천,합천,경상남도 합천군,경상남도,35.5664445,128.1658334,305705.7,330550.85,ok,43.36,2.425,96.365,118.22,-20.461,63.821,38.722,7.814,19.331,2.618,17.78,45.519,13.652,19.135,5.502,40.233,1961,8,20.72
460,chunk,doc_0413_c00,plc_037,doc_0413_c00,합천,합천,경상남도 합천군,경상남도,35.5664445,128.1658334,305705.7,330550.85,ok,43.36,2.425,96.365,118.22,-20.461,63.821,38.722,7.814,19.331,2.618,17.78,45.519,13.652,19.135,5.502,40.233,1961,8,20.72
461,chunk,doc_0414_c00,plc_037,doc_0414_c00,합천,합천,경상남도 합천군,경상남도,35.5664445,128.1658334,305705.7,330550.85,ok,43.36,2.425,96.365,118.22,-20.461,63.821,38.722,7.814,19.331,2.618,17.78,45.519,13.652,19.135,5.502,40.233,1961,8,20.72
462,chunk,doc_0415_c00,plc_038,doc_0415_c00,초계,초계,경상남도 합천군 초계면,경상남도,35.5475300,128.2513400,313445.7,328570.85,ok,39.28,1.331,74.925,121.6,-20.332,59.612,39.693,4.38,5.372,-9.66,-13.748,3.858,20.132,50.769,71.825,34.193,1961,8,25.47
463,chunk,doc_0416_c00,plc_038,doc_0416_c00,초계,초계,경상남도 합천군 초계면,경상남도,35.5475300,128.2513400,313445.7,328570.85,ok,39.28,1.331,74.925,121.6,-20.332,59.612,39.693,4.38,5.372,-9.66,-13.748,3.858,20.132,50.769,71.825,34.193,1961,8,25.47
464,chunk,doc_0417_c00,plc_038,doc_0417_c00,초계,초계,경상남도 합천군 초계면,경상남도,35.5475300,128.2513400,313445.7,328570.85,ok,39.28,1.331,74.925,121.6,-20.332,59.612,39.693,4.38,5.372,-9.66,-13.748,3.858,20.132,50.769,71.825,34.193,1961,8,25.47
465,chunk,doc_0418_c00,plc_038,doc_0418_c00,초계,초계,경상남도 합천군 초계면,경상남도,35.5475300,128.2513400,313445.7,328570.85,ok,39.28,1.331,74.925,121.6,-20.332,59.612,39.693,4.38,5.372,-9.66,-13.748,3.858,20.132,50.769,71.825,34.193,1961,8,25.47
466,chunk,doc_0419_c00,plc_038,doc_0419_c00,초계,초계,경상남도 합천군 초계면,경상남도,35.5475300,128.2513400,313445.7,328570.85,ok,39.28,1.331,74.925,121.6,-20.332,59.612,39.693,4.38,5.372,-9.66,-13.748,3.858,20.132,50.769,71.825,34.193,1961,8,25.47
467,chunk,doc_0420_c00,plc_038,doc_0420_c00,초계,초계,경상남도 합천군 초계면,경상남도,35.5475300,128.2513400,313445.7,328570.85,ok,39.28,1.331,74.925,121.6,-20.332,59.612,39.693,4.38,5.372,-9.66,-13.748,3.858,20.132,50.769,71.825,34.193,1961,8,25.47
468,chunk,doc_0421_c00,plc_039,doc_0421_c00,고령,고령,경상북도 고령군,경상북도,35.7258000,128.2632000,314335.07,348341.95,ok,34.28,4.783,139.348,160.23,-35.587,69.867,51.906,8.982,27.95,-0.848,17.191,-2.272,18.194,32.053,81.571,111.004,1961,8,46.57
469,chunk,doc_0422_c00,plc_039,doc_0422_c00,고령,고령,경상북도 고령군,경상북도,35.7258000,128.2632000,314335.07,348341.95,ok,34.28,4.783,139.348,160.23,-35.587,69.867,51.906,8.982,27.95,-0.848,17.191,-2.272,18.194,32.053,81.571,111.004,1961,8,46.57
470,chunk,doc_0423_c00,plc_039,doc_0423_c00,고령,고령,경상북도 고령군,경상북도,35.7258000,128.2632000,314335.07,348341.95,ok,34.28,4.783,139.348,160.23,-35.587,69.867,51.906,8.982,27.95,-0.848,17.191,-2.272,18.194,32.053,81.571,111.004,1961,8,46.57
471,chunk,doc_0424_c00,plc_039,doc_0424_c00,고령,고령,경상북도 고령군,경상북도,35.7258000,128.2632000,314335.07,348341.95,ok,34.28,4.783,139.348,160.23,-35.587,69.867,51.906,8.982,27.95,-0.848,17.191,-2.272,18.194,32.053,81.571,111.004,1961,8,46.57
472,chunk,doc_0425_c00,plc_040,doc_0425_c00,성주,성주,경상북도 성주군,경상북도,35.9190065,128.2834860,315869.57,369850.44,ok,36.91,1.306,67.965,60.98,-13.521,50.431,21.004,4.007,6.457,7.096,23.386,19.174,22.719,18.45,3.738,7.204,1961,8,39.84
473,chunk,doc_0426_c00,plc_039,doc_0426_c00,고령,고령,경상북도 고령군,경상북도,35.7258000,128.2632000,314335.07,348341.95,ok,34.28,4.783,139.348,160.23,-35.587,69.867,51.906,8.982,27.95,-0.848,17.191,-2.272,18.194,32.053,81.571,111.004,1961,8,46.57
474,chunk,doc_0427_c00,plc_040,doc_0427_c00,성주,성주,경상북도 성주군,경상북도,35.9190065,128.2834860,315869.57,369850.44,ok,36.91,1.306,67.965,60.98,-13.521,50.431,21.004,4.007,6.457,7.096,23.386,19.174,22.719,18.45,3.738,7.204,1961,8,39.84
475,chunk,doc_0428_c00,plc_040,doc_0428_c00,성주,성주,경상북도 성주군,경상북도,35.9190065,128.2834860,315869.57,369850.44,ok,36.91,1.306,67.965,60.98,-13.521,50.431,21.004,4.007,6.457,7.096,23.386,19.174,22.719,18.45,3.738,7.204,1961,8,39.84
476,chunk,doc_0429_c00,plc_040,doc_0429_c00,성주,성주,경상북도 성주군,경상북도,35.9190065,128.2834860,315869.57,369850.44,ok,36.91,1.306,67.965,60.98,-13.521,50.431,21.004,4.007,6.457,7.096,23.386,19.174,22.719,18.45,3.738,7.204,1961,8,39.84
477,chunk,doc_0430_c00,plc_040,doc_0430_c00,성주,성주,경상북도 성주군,경상북도,35.9190065,128.2834860,315869.57,369850.44,ok,36.91,1.306,67.965,60.98,-13.521,50.431,21.004,4.007,6.457,7.096,23.386,19.174,22.719,18.45,3.738,7.204,1961,8,39.84
478,chunk,doc_0431_c00,plc_040,doc_0431_c00,성주,성주,경상북도 성주군,경상북도,35.9190065,128.2834860,315869.57,369850.44,ok,36.91,1.306,67.965,60.98,-13.521,50.431,21.004,4.007,6.457,7.096,23.386,19.174,22.719,18.45,3.738,7.204,1961,8,39.84
479,chunk,doc_0432_c00,plc_040,doc_0432_c00,성주,성주,경상북도 성주군,경상북도,35.9190065,128.2834860,315869.57,369850.44,ok,36.91,1.306,67.965,60.98,-13.521,50.431,21.004,4.007,6.457,7.096,23.386,19.174,22.719,18.45,3.738,7.204,1961,8,39.84
480,chunk,doc_0433_c00,plc_040,doc_0433_c00,성주,성주,경상북도 성주군,경상북도,35.9190065,128.2834860,315869.57,369850.44,ok,36.91,1.306,67.965,60.98,-13.521,50.431,21.004,4.007,6.457,7.096,23.386,19.174,22.719,18.45,3.738,7.204,1961,8,39.84
481,chunk,doc_0434_c00,plc_040,doc_0434_c00,성주,성주,경상북도 성주군,경상북도,35.9190065,128.2834860,315869.57,369850.44,ok,36.91,1.306,67.965,60.98,-13.521,50.431,21.004,4.007,6.457,7.096,23.386,19.174,22.719,18.45,3.738,7.204,1961,8,39.84
482,chunk,doc_0435_c00,plc_040,doc_0435_c00,성주,성주,경상북도 성주군,경상북도,35.9190065,128.2834860,315869.57,369850.44,ok,36.91,1.306,67.965,60.98,-13.521,50.431,21.004,4.007,6.457,7.096,23.386,19.174,22.719,18.45,3.738,7.204,1961,8,39.84
483,chunk,doc_0436_c00,plc_041,doc_0436_c00,개령,개령,경상북도 김천시 개령면,경상북도,36.1697800,128.1805100,306239.31,397554.66,ok,179.09,8.969,79.863,153.89,87.512,91.578,49.938,7.481,-8.496,-84.246,-122.081,-122.92,-113.733,-106.318,-100.135,-42.521,1961,8,36.63
484,chunk,doc_0437_c00,plc_041,doc_0437_c00,개령,개령,경상북도 김천시 개령면,경상북도,36.1697800,128.1805100,306239.31,397554.66,ok,179.09,8.969,79.863,153.89,87.512,91.578,49.938,7.481,-8.496,-84.246,-122.081,-122.92,-113.733,-106.318,-100.135,-42.521,1961,8,36.63
485,chunk,doc_0438_c00,plc_041,doc_0438_c00,개령,개령,경상북도 김천시 개령면,경상북도,36.1697800,128.1805100,306239.31,397554.66,ok,179.09,8.969,79.863,153.89,87.512,91.578,49.938,7.481,-8.496,-84.246,-122.081,-122.92,-113.733,-106.318,-100.135,-42.521,1961,8,36.63
486,chunk,doc_0439_c00,plc_041,doc_0439_c00,개령,개령,경상북도 김천시 개령면,경상북도,36.1697800,128.1805100,306239.31,397554.66,ok,179.09,8.969,79.863,153.89,87.512,91.578,49.938,7.481,-8.496,-84.246,-122.081,-122.92,-113.733,-106.318,-100.135,-42.521,1961,8,36.63
487,chunk,doc_0440_c00,plc_041,doc_0440_c00,개령,개령,경상북도 김천시 개령면,경상북도,36.1697800,128.1805100,306239.31,397554.66,ok,179.09,8.969,79.863,153.89,87.512,91.578,49.938,7.481,-8.496,-84.246,-122.081,-122.92,-113.733,-106.318,-100.135,-42.521,1961,8,36.63
488,chunk,doc_0441_c00,plc_041,doc_0441_c00,개령,개령,경상북도 김천시 개령면,경상북도,36.1697800,128.1805100,306239.31,397554.66,ok,179.09,8.969,79.863,153.89,87.512,91.578,49.938,7.481,-8.496,-84.246,-122.081,-122.92,-113.733,-106.318,-100.135,-42.521,1961,8,36.63
489,chunk,doc_0442_c00,plc_041,doc_0442_c00,개령,개령,경상북도 김천시 개령면,경상북도,36.1697800,128.1805100,306239.31,397554.66,ok,179.09,8.969,79.863,153.89,87.512,91.578,49.938,7.481,-8.496,-84.246,-122.081,-122.92,-113.733,-106.318,-100.135,-42.521,1961,8,36.63
490,chunk,doc_0443_c00,plc_042,doc_0443_c00,인동,인동,경상북도 구미시 인동동,경상북도,36.1042553,128.4290963,328696.86,390559.78,ok,101.01,10.959,325.62,168.63,0.659,100.351,55.859,10.267,11.242,49.878,50.179,-3.491,3.472,-20.903,-63.209,-29.314,2094,8,10.03
491,chunk,doc_0444_c00,plc_042,doc_0444_c00,인동,인동,경상북도 구미시 인동동,경상북도,36.1042553,128.4290963,328696.86,390559.78,ok,101.01,10.959,325.62,168.63,0.659,100.351,55.859,10.267,11.242,49.878,50.179,-3.491,3.472,-20.903,-63.209,-29.314,2094,8,10.03
492,chunk,doc_0445_c00,plc_042,doc_0445_c00,인동,인동,경상북도 구미시 인동동,경상북도,36.1042553,128.4290963,328696.86,390559.78,ok,101.01,10.959,325.62,168.63,0.659,100.351,55.859,10.267,11.242,49.878,50.179,-3.491,3.472,-20.903,-63.209,-29.314,2094,8,10.03
493,chunk,doc_0446_c00,plc_043,doc_0446_c00,선산,선산,경상북도 구미시 선산읍,경상북도,36.2405861,128.2985068,316726.86,405499.78,ok,46.41,0.724,168.196,158.54,-28.22,74.63,53.654,6.785,60.707,35.605,24.525,-8.142,-8.871,-2.469,11.731,112.793,1961,8,22.73
494,chunk,doc_0447_c00,plc_043,doc_0447_c00,선산,선산,경상북도 구미시 선산읍,경상북도,36.2405861,128.2985068,316726.86,405499.78,ok,46.41,0.724,168.196,158.54,-28.22,74.63,53.654,6.785,60.707,35.605,24.525,-8.142,-8.871,-2.469,11.731,112.793,1961,8,22.73
495,chunk,doc_0448_c00,plc_043,doc_0448_c00,선산,선산,경상북도 구미시 선산읍,경상북도,36.2405861,128.2985068,316726.86,405499.78,ok,46.41,0.724,168.196,158.54,-28.22,74.63,53.654,6.785,60.707,35.605,24.525,-8.142,-8.871,-2.469,11.731,112.793,1961,8,22.73
496,chunk,doc_0449_c00,plc_043,doc_0449_c00,선산,선산,경상북도 구미시 선산읍,경상북도,36.2405861,128.2985068,316726.86,405499.78,ok,46.41,0.724,168.196,158.54,-28.22,74.63,53.654,6.785,60.707,35.605,24.525,-8.142,-8.871,-2.469,11.731,112.793,1961,8,22.73
497,chunk,doc_0450_c00,plc_043,doc_0450_c00,선산,선산,경상북도 구미시 선산읍,경상북도,36.2405861,128.2985068,316726.86,405499.78,ok,46.41,0.724,168.196,158.54,-28.22,74.63,53.654,6.785,60.707,35.605,24.525,-8.142,-8.871,-2.469,11.731,112.793,1961,8,22.73
498,chunk,doc_0451_c00,plc_043,doc_0451_c00,선산,선산,경상북도 구미시 선산읍,경상북도,36.2405861,128.2985068,316726.86,405499.78,ok,46.41,0.724,168.196,158.54,-28.22,74.63,53.654,6.785,60.707,35.605,24.525,-8.142,-8.871,-2.469,11.731,112.793,1961,8,22.73
499,chunk,doc_0452_c00,plc_043,doc_0452_c00,선산,선산,경상북도 구미시 선산읍,경상북도,36.2405861,128.2985068,316726.86,405499.78,ok,46.41,0.724,168.196,158.54,-28.22,74.63,53.654,6.785,60.707,35.605,24.525,-8.142,-8.871,-2.469,11.731,112.793,1961,8,22.73
500,chunk,doc_0453_c00,plc_043,doc_0453_c00,선산,선산,경상북도 구미시 선산읍,경상북도,36.2405861,128.2985068,316726.86,405499.78,ok,46.41,0.724,168.196,158.54,-28.22,74.63,53.654,6.785,60.707,35.605,24.525,-8.142,-8.871,-2.469,11.731,112.793,1961,8,22.73
501,chunk,doc_0454_c00,plc_043,doc_0454_c00,선산,선산,경상북도 구미시 선산읍,경상북도,36.2405861,128.2985068,316726.86,405499.78,ok,46.41,0.724,168.196,158.54,-28.22,74.63,53.654,6.785,60.707,35.605,24.525,-8.142,-8.871,-2.469,11.731,112.793,1961,8,22.73
502,chunk,doc_0455_c00,plc_043,doc_0455_c00,선산,선산,경상북도 구미시 선산읍,경상북도,36.2405861,128.2985068,316726.86,405499.78,ok,46.41,0.724,168.196,158.54,-28.22,74.63,53.654,6.785,60.707,35.605,24.525,-8.142,-8.871,-2.469,11.731,112.793,1961,8,22.73
503,chunk,doc_0456_c00,plc_043,doc_0456_c00,선산,선산,경상북도 구미시 선산읍,경상북도,36.2405861,128.2985068,316726.86,405499.78,ok,46.41,0.724,168.196,158.54,-28.22,74.63,53.654,6.785,60.707,35.605,24.525,-8.142,-8.871,-2.469,11.731,112.793,1961,8,22.73
504,chunk,doc_0457_c00,plc_043,doc_0457_c00,선산,선산,경상북도 구미시 선산읍,경상북도,36.2405861,128.2985068,316726.86,405499.78,ok,46.41,0.724,168.196,158.54,-28.22,74.63,53.654,6.785,60.707,35.605,24.525,-8.142,-8.871,-2.469,11.731,112.793,1961,8,22.73
505,chunk,doc_0458_c00,plc_043,doc_0458_c00,선산,선산,경상북도 구미시 선산읍,경상북도,36.2405861,128.2985068,316726.86,405499.78,ok,46.41,0.724,168.196,158.54,-28.22,74.63,53.654,6.785,60.707,35.605,24.525,-8.142,-8.871,-2.469,11.731,112.793,1961,8,22.73
506,chunk,doc_0459_c00,plc_043,doc_0459_c00,선산,선산,경상북도 구미시 선산읍,경상북도,36.2405861,128.2985068,316726.86,405499.78,ok,46.41,0.724,168.196,158.54,-28.22,74.63,53.654,6.785,60.707,35.605,24.525,-8.142,-8.871,-2.469,11.731,112.793,1961,8,22.73
507,chunk,doc_0460_c00,plc_043,doc_0460_c00,선산,선산,경상북도 구미시 선산읍,경상북도,36.2405861,128.2985068,316726.86,405499.78,ok,46.41,0.724,168.196,158.54,-28.22,74.63,53.654,6.785,60.707,35.605,24.525,-8.142,-8.871,-2.469,11.731,112.793,1961,8,22.73
508,chunk,doc_0461_c00,plc_043,doc_0461_c00,선산,선산,경상북도 구미시 선산읍,경상북도,36.2405861,128.2985068,316726.86,405499.78,ok,46.41,0.724,168.196,158.54,-28.22,74.63,53.654,6.785,60.707,35.605,24.525,-8.142,-8.871,-2.469,11.731,112.793,1961,8,22.73
509,chunk,doc_0462_c00,plc_043,doc_0462_c00,선산,선산,경상북도 구미시 선산읍,경상북도,36.2405861,128.2985068,316726.86,405499.78,ok,46.41,0.724,168.196,158.54,-28.22,74.63,53.654,6.785,60.707,35.605,24.525,-8.142,-8.871,-2.469,11.731,112.793,1961,8,22.73
510,chunk,doc_0463_c00,plc_043,doc_0463_c00,선산,선산,경상북도 구미시 선산읍,경상북도,36.2405861,128.2985068,316726.86,405499.78,ok,46.41,0.724,168.196,158.54,-28.22,74.63,53.654,6.785,60.707,35.605,24.525,-8.142,-8.871,-2.469,11.731,112.793,1961,8,22.73
511,chunk,doc_0464_c00,plc_043,doc_0464_c00,선산,선산,경상북도 구미시 선산읍,경상북도,36.2405861,128.2985068,316726.86,405499.78,ok,46.41,0.724,168.196,158.54,-28.22,74.63,53.654,6.785,60.707,35.605,24.525,-8.142,-8.871,-2.469,11.731,112.793,1961,8,22.73
512,chunk,doc_0465_c00,plc_043,doc_0465_c00,선산,선산,경상북도 구미시 선산읍,경상북도,36.2405861,128.2985068,316726.86,405499.78,ok,46.41,0.724,168.196,158.54,-28.22,74.63,53.654,6.785,60.707,35.605,24.525,-8.142,-8.871,-2.469,11.731,112.793,1961,8,22.73
513,chunk,doc_0466_c00,plc_043,doc_0466_c00,선산,선산,경상북도 구미시 선산읍,경상북도,36.2405861,128.2985068,316726.86,405499.78,ok,46.41,0.724,168.196,158.54,-28.22,74.63,53.654,6.785,60.707,35.605,24.525,-8.142,-8.871,-2.469,11.731,112.793,1961,8,22.73
514,chunk,doc_0467_c00,plc_043,doc_0467_c00,선산,선산,경상북도 구미시 선산읍,경상북도,36.2405861,128.2985068,316726.86,405499.78,ok,46.41,0.724,168.196,158.54,-28.22,74.63,53.654,6.785,60.707,35.605,24.525,-8.142,-8.871,-2.469,11.731,112.793,1961,8,22.73
515,chunk,doc_0468_c00,plc_043,doc_0468_c00,선산,선산,경상북도 구미시 선산읍,경상북도,36.2405861,128.2985068,316726.86,405499.78,ok,46.41,0.724,168.196,158.54,-28.22,74.63,53.654,6.785,60.707,35.605,24.525,-8.142,-8.871,-2.469,11.731,112.793,1961,8,22.73
516,chunk,doc_0469_c00,plc_043,doc_0469_c00,선산,선산,경상북도 구미시 선산읍,경상북도,36.2405861,128.2985068,316726.86,405499.78,ok,46.41,0.724,168.196,158.54,-28.22,74.63,53.654,6.785,60.707,35.605,24.525,-8.142,-8.871,-2.469,11.731,112.793,1961,8,22.73
517,chunk,doc_0470_c00,plc_043,doc_0470_c00,선산,선산,경상북도 구미시 선산읍,경상북도,36.2405861,128.2985068,316726.86,405499.78,ok,46.41,0.724,168.196,158.54,-28.22,74.63,53.654,6.785,60.707,35.605,24.525,-8.142,-8.871,-2.469,11.731,112.793,1961,8,22.73
518,chunk,doc_0471_c00,plc_043,doc_0471_c00,선산,선산,경상북도 구미시 선산읍,경상북도,36.2405861,128.2985068,316726.86,405499.78,ok,46.41,0.724,168.196,158.54,-28.22,74.63,53.654,6.785,60.707,35.605,24.525,-8.142,-8.871,-2.469,11.731,112.793,1961,8,22.73
519,chunk,doc_0472_c00,plc_044,doc_0472_c00,안동,안동,경상북도 안동시,경상북도,36.5634886,128.7260798,354503.68,441929.18,ok,90.74,0.11,1.661,118.45,-30.598,121.338,37.121,5.641,72.711,73.061,14.386,9.638,22.541,0.928,16.586,35.056,1961,8,34.54
520,chunk,doc_0473_c00,plc_044,doc_0473_c00,안동,안동,경상북도 안동시,경상북도,36.5634886,128.7260798,354503.68,441929.18,ok,90.74,0.11,1.661,118.45,-30.598,121.338,37.121,5.641,72.711,73.061,14.386,9.638,22.541,0.928,16.586,35.056,1961,8,34.54
521,chunk,doc_0474_c00,plc_044,doc_0474_c00,안동,안동,경상북도 안동시,경상북도,36.5634886,128.7260798,354503.68,441929.18,ok,90.74,0.11,1.661,118.45,-30.598,121.338,37.121,5.641,72.711,73.061,14.386,9.638,22.541,0.928,16.586,35.056,1961,8,34.54
522,chunk,doc_0475_c00,plc_044,doc_0475_c00,안동,안동,경상북도 안동시,경상북도,36.5634886,128.7260798,354503.68,441929.18,ok,90.74,0.11,1.661,118.45,-30.598,121.338,37.121,5.641,72.711,73.061,14.386,9.638,22.541,0.928,16.586,35.056,1961,8,34.54
523,chunk,doc_0476_c00,plc_044,doc_0476_c00,안동,안동,경상북도 안동시,경상북도,36.5634886,128.7260798,354503.68,441929.18,ok,90.74,0.11,1.661,118.45,-30.598,121.338,37.121,5.641,72.711,73.061,14.386,9.638,22.541,0.928,16.586,35.056,1961,8,34.54
524,chunk,doc_0477_c00,plc_044,doc_0477_c00,안동,안동,경상북도 안동시,경상북도,36.5634886,128.7260798,354503.68,441929.18,ok,90.74,0.11,1.661,118.45,-30.598,121.338,37.121,5.641,72.711,73.061,14.386,9.638,22.541,0.928,16.586,35.056,1961,8,34.54
525,chunk,doc_0478_c00,plc_044,doc_0478_c00,안동,안동,경상북도 안동시,경상북도,36.5634886,128.7260798,354503.68,441929.18,ok,90.74,0.11,1.661,118.45,-30.598,121.338,37.121,5.641,72.711,73.061,14.386,9.638,22.541,0.928,16.586,35.056,1961,8,34.54
526,chunk,doc_0479_c00,plc_044,doc_0479_c00,안동,안동,경상북도 안동시,경상북도,36.5634886,128.7260798,354503.68,441929.18,ok,90.74,0.11,1.661,118.45,-30.598,121.338,37.121,5.641,72.711,73.061,14.386,9.638,22.541,0.928,16.586,35.056,1961,8,34.54
527,chunk,doc_0480_c00,plc_045,doc_0480_c00,예안,예안,경상북도 안동시 예안면,경상북도,36.6752200,128.9033200,370163.68,454619.18,ok,161.01,3.832,183.757,233.13,-108.175,269.185,72.666,14.445,115.674,68.479,137.17,177.443,140.951,122.668,51.714,51.745,1961,8,44.08
528,chunk,doc_0481_c00,plc_045,doc_0481_c00,예안,예안,경상북도 안동시 예안면,경상북도,36.6752200,128.9033200,370163.68,454619.18,ok,161.01,3.832,183.757,233.13,-108.175,269.185,72.666,14.445,115.674,68.479,137.17,177.443,140.951,122.668,51.714,51.745,1961,8,44.08
529,chunk,doc_0482_c00,plc_045,doc_0482_c00,예안,예안,경상북도 안동시 예안면,경상북도,36.6752200,128.9033200,370163.68,454619.18,ok,161.01,3.832,183.757,233.13,-108.175,269.185,72.666,14.445,115.674,68.479,137.17,177.443,140.951,122.668,51.714,51.745,1961,8,44.08
530,chunk,doc_0483_c00,plc_045,doc_0483_c00,예안,예안,경상북도 안동시 예안면,경상북도,36.6752200,128.9033200,370163.68,454619.18,ok,161.01,3.832,183.757,233.13,-108.175,269.185,72.666,14.445,115.674,68.479,137.17,177.443,140.951,122.668,51.714,51.745,1961,8,44.08
531,chunk,doc_0484_c00,plc_046,doc_0484_c00,진보,진보,경상북도 청송군 진보면,경상북도,36.5293500,129.0501500,383636.89,438719.21,ok,182.2,1.084,119.52,260.496,-48.388,230.588,84.401,9.003,11.276,9.068,61.085,190.338,114.915,23.599,2.135,-9.387,2060,8,28.0
532,chunk,doc_0485_c00,plc_046,doc_0485_c00,진보,진보,경상북도 청송군 진보면,경상북도,36.5293500,129.0501500,383636.89,438719.21,ok,182.2,1.084,119.52,260.496,-48.388,230.588,84.401,9.003,11.276,9.068,61.085,190.338,114.915,23.599,2.135,-9.387,2060,8,28.0
533,chunk,doc_0486_c00,plc_046,doc_0486_c00,진보,진보,경상북도 청송군 진보면,경상북도,36.5293500,129.0501500,383636.89,438719.21,ok,182.2,1.084,119.52,260.496,-48.388,230.588,84.401,9.003,11.276,9.068,61.085,190.338,114.915,23.599,2.135,-9.387,2060,8,28.0
534,chunk,doc_0487_c00,plc_047,doc_0487_c00,영주,영주,경상북도 영주시,경상북도,36.8056850,128.6240540,344958.86,468681.79,ok,143.23,7.962,352.473,53.92,-8.765,151.995,17.242,4.436,-2.95,14.237,20.546,5.294,0.457,19.387,4.804,8.383,1961,8,26.65
535,chunk,doc_0488_c00,plc_053,doc_0488_c00,영천,영천,경상북도 영천시,경상북도,35.9884200,128.9420000,375129.27,378512.59,ok,116.48,5.4,55.523,68.51,7.11,109.37,21.603,4.314,20.545,9.576,-15.295,-25.181,-20.548,-2.939,-18.426,-4.642,1961,8,9.6
536,chunk,doc_0489_c00,plc_053,doc_0489_c00,영천,영천,경상북도 영천시,경상북도,35.9884200,128.9420000,375129.27,378512.59,ok,116.48,5.4,55.523,68.51,7.11,109.37,21.603,4.314,20.545,9.576,-15.295,-25.181,-20.548,-2.939,-18.426,-4.642,1961,8,9.6
537,chunk,doc_0490_c00,plc_053,doc_0490_c00,영천,영천,경상북도 영천시,경상북도,35.9884200,128.9420000,375129.27,378512.59,ok,116.48,5.4,55.523,68.51,7.11,109.37,21.603,4.314,20.545,9.576,-15.295,-25.181,-20.548,-2.939,-18.426,-4.642,1961,8,9.6
538,chunk,doc_0491_c00,plc_053,doc_0491_c00,영천,영천,경상북도 영천시,경상북도,35.9884200,128.9420000,375129.27,378512.59,ok,116.48,5.4,55.523,68.51,7.11,109.37,21.603,4.314,20.545,9.576,-15.295,-25.181,-20.548,-2.939,-18.426,-4.642,1961,8,9.6
539,chunk,doc_0492_c00,plc_053,doc_0492_c00,영천,영천,경상북도 영천시,경상북도,35.9884200,128.9420000,375129.27,378512.59,ok,116.48,5.4,55.523,68.51,7.11,109.37,21.603,4.314,20.545,9.576,-15.295,-25.181,-20.548,-2.939,-18.426,-4.642,1961,8,9.6
540,chunk,doc_0493_c00,plc_048,doc_0493_c00,상주,상주,경상북도 상주시,경상북도,36.4104478,128.1590614,304000.65,424245.95,ok,56.8,0.319,78.634,85.16,-12.842,69.642,32.459,3.811,2.486,-2.939,-0.321,-2.068,3.945,34.83,50.141,16.715,1961,8,49.71
541,chunk,doc_0494_c00,plc_048,doc_0494_c00,상주,상주,경상북도 상주시,경상북도,36.4104478,128.1590614,304000.65,424245.95,ok,56.8,0.319,78.634,85.16,-12.842,69.642,32.459,3.811,2.486,-2.939,-0.321,-2.068,3.945,34.83,50.141,16.715,1961,8,49.71
542,chunk,doc_0495_c00,plc_048,doc_0495_c00,상주,상주,경상북도 상주시,경상북도,36.4104478,128.1590614,304000.65,424245.95,ok,56.8,0.319,78.634,85.16,-12.842,69.642,32.459,3.811,2.486,-2.939,-0.321,-2.068,3.945,34.83,50.141,16.715,1961,8,49.71
543,chunk,doc_0496_c00,plc_048,doc_0496_c00,상주,상주,경상북도 상주시,경상북도,36.4104478,128.1590614,304000.65,424245.95,ok,56.8,0.319,78.634,85.16,-12.842,69.642,32.459,3.811,2.486,-2.939,-0.321,-2.068,3.945,34.83,50.141,16.715,1961,8,49.71
544,chunk,doc_0497_c00,plc_048,doc_0497_c00,상주,상주,경상북도 상주시,경상북도,36.4104478,128.1590614,304000.65,424245.95,ok,56.8,0.319,78.634,85.16,-12.842,69.642,32.459,3.811,2.486,-2.939,-0.321,-2.068,3.945,34.83,50.141,16.715,1961,8,49.71
545,chunk,doc_0498_c00,plc_048,doc_0498_c00,상주,상주,경상북도 상주시,경상북도,36.4104478,128.1590614,304000.65,424245.95,ok,56.8,0.319,78.634,85.16,-12.842,69.642,32.459,3.811,2.486,-2.939,-0.321,-2.068,3.945,34.83,50.141,16.715,1961,8,49.71
546,chunk,doc_0499_c00,plc_048,doc_0499_c00,상주,상주,경상북도 상주시,경상북도,36.4104478,128.1590614,304000.65,424245.95,ok,56.8,0.319,78.634,85.16,-12.842,69.642,32.459,3.811,2.486,-2.939,-0.321,-2.068,3.945,34.83,50.141,16.715,1961,8,49.71
547,chunk,doc_0500_c00,plc_048,doc_0500_c00,상주,상주,경상북도 상주시,경상북도,36.4104478,128.1590614,304000.65,424245.95,ok,56.8,0.319,78.634,85.16,-12.842,69.642,32.459,3.811,2.486,-2.939,-0.321,-2.068,3.945,34.83,50.141,16.715,1961,8,49.71
548,chunk,doc_0501_c00,plc_048,doc_0501_c00,상주,상주,경상북도 상주시,경상북도,36.4104478,128.1590614,304000.65,424245.95,ok,56.8,0.319,78.634,85.16,-12.842,69.642,32.459,3.811,2.486,-2.939,-0.321,-2.068,3.945,34.83,50.141,16.715,1961,8,49.71
549,chunk,doc_0502_c00,plc_048,doc_0502_c00,상주,상주,경상북도 상주시,경상북도,36.4104478,128.1590614,304000.65,424245.95,ok,56.8,0.319,78.634,85.16,-12.842,69.642,32.459,3.811,2.486,-2.939,-0.321,-2.068,3.945,34.83,50.141,16.715,1961,8,49.71
550,chunk,doc_0503_c00,plc_048,doc_0503_c00,상주,상주,경상북도 상주시,경상북도,36.4104478,128.1590614,304000.65,424245.95,ok,56.8,0.319,78.634,85.16,-12.842,69.642,32.459,3.811,2.486,-2.939,-0.321,-2.068,3.945,34.83,50.141,16.715,1961,8,49.71
551,chunk,doc_0504_c00,plc_048,doc_0504_c00,상주,상주,경상북도 상주시,경상북도,36.4104478,128.1590614,304000.65,424245.95,ok,56.8,0.319,78.634,85.16,-12.842,69.642,32.459,3.811,2.486,-2.939,-0.321,-2.068,3.945,34.83,50.141,16.715,1961,8,49.71
552,chunk,doc_0505_c00,plc_049,doc_0505_c00,비안,비안,경상북도 의성군 비안면,경상북도,36.3372800,128.5121900,335774.62,416534.04,ok,140.87,17.837,180.623,127.05,49.173,91.697,41.814,7.836,-19.019,-30.144,-6.639,-53.196,-77.478,-78.612,-79.532,-48.967,1961,8,8.52
553,chunk,doc_0506_c00,plc_049,doc_0506_c00,비안,비안,경상북도 의성군 비안면,경상북도,36.3372800,128.5121900,335774.62,416534.04,ok,140.87,17.837,180.623,127.05,49.173,91.697,41.814,7.836,-19.019,-30.144,-6.639,-53.196,-77.478,-78.612,-79.532,-48.967,1961,8,8.52
554,chunk,doc_0507_c00,plc_049,doc_0507_c00,비안,비안,경상북도 의성군 비안면,경상북도,36.3372800,128.5121900,335774.62,416534.04,ok,140.87,17.837,180.623,127.05,49.173,91.697,41.814,7.836,-19.019,-30.144,-6.639,-53.196,-77.478,-78.612,-79.532,-48.967,1961,8,8.52
555,chunk,doc_0508_c00,plc_050,doc_0508_c00,용궁,용궁,경상북도 예천군 용궁면,경상북도,36.6077800,128.2994800,316231.33,446266.73,ok,87.04,5.451,308.843,47.015,6.129,80.911,14.522,3.773,-0.04,4.62,-1.193,-3.183,-12.115,-15.329,-13.905,-6.399,2170,8,32.48
556,chunk,doc_0509_c00,plc_050,doc_0509_c00,용궁,용궁,경상북도 예천군 용궁면,경상북도,36.6077800,128.2994800,316231.33,446266.73,ok,87.04,5.451,308.843,47.015,6.129,80.911,14.522,3.773,-0.04,4.62,-1.193,-3.183,-12.115,-15.329,-13.905,-6.399,2170,8,32.48
557,chunk,doc_0510_c00,plc_050,doc_0510_c00,용궁,용궁,경상북도 예천군 용궁면,경상북도,36.6077800,128.2994800,316231.33,446266.73,ok,87.04,5.451,308.843,47.015,6.129,80.911,14.522,3.773,-0.04,4.62,-1.193,-3.183,-12.115,-15.329,-13.905,-6.399,2170,8,32.48
558,chunk,doc_0511_c00,plc_050,doc_0511_c00,용궁,용궁,경상북도 예천군 용궁면,경상북도,36.6077800,128.2994800,316231.33,446266.73,ok,87.04,5.451,308.843,47.015,6.129,80.911,14.522,3.773,-0.04,4.62,-1.193,-3.183,-12.115,-15.329,-13.905,-6.399,2170,8,32.48
559,chunk,doc_0512_c00,plc_050,doc_0512_c00,용궁,용궁,경상북도 예천군 용궁면,경상북도,36.6077800,128.2994800,316231.33,446266.73,ok,87.04,5.451,308.843,47.015,6.129,80.911,14.522,3.773,-0.04,4.62,-1.193,-3.183,-12.115,-15.329,-13.905,-6.399,2170,8,32.48
560,chunk,doc_0513_c00,plc_050,doc_0513_c00,용궁,용궁,경상북도 예천군 용궁면,경상북도,36.6077800,128.2994800,316231.33,446266.73,ok,87.04,5.451,308.843,47.015,6.129,80.911,14.522,3.773,-0.04,4.62,-1.193,-3.183,-12.115,-15.329,-13.905,-6.399,2170,8,32.48
561,chunk,doc_0514_c00,plc_050,doc_0514_c00,용궁,용궁,경상북도 예천군 용궁면,경상북도,36.6077800,128.2994800,316231.33,446266.73,ok,87.04,5.451,308.843,47.015,6.129,80.911,14.522,3.773,-0.04,4.62,-1.193,-3.183,-12.115,-15.329,-13.905,-6.399,2170,8,32.48
562,chunk,doc_0515_c00,plc_051,doc_0515_c00,예천,예천,경상북도 예천군,경상북도,36.6462999,128.4376000,328561.33,450766.73,ok,86.5,2.411,140.971,173.9,-29.808,116.308,55.597,5.587,109.321,25.334,2.544,4.742,-8.385,-2.976,13.211,94.796,1961,8,42.83
563,chunk,doc_0516_c00,plc_051,doc_0516_c00,예천,예천,경상북도 예천군,경상북도,36.6462999,128.4376000,328561.33,450766.73,ok,86.5,2.411,140.971,173.9,-29.808,116.308,55.597,5.587,109.321,25.334,2.544,4.742,-8.385,-2.976,13.211,94.796,1961,8,42.83
564,chunk,doc_0517_c00,plc_052,doc_0517_c00,문경,문경,경상북도 문경시,경상북도,36.5858541,128.1870612,306266.68,443680.85,ok,76.2,1.366,157.827,88.341,-15.212,91.412,28.985,4.2,40.831,2.698,-6.156,-4.199,5.089,6.361,18.199,51.645,2614,8,42.92
565,chunk,doc_0518_c00,plc_052,doc_0518_c00,문경,문경,경상북도 문경시,경상북도,36.5858541,128.1870612,306266.68,443680.85,ok,76.2,1.366,157.827,88.341,-15.212,91.412,28.985,4.2,40.831,2.698,-6.156,-4.199,5.089,6.361,18.199,51.645,2614,8,42.92
566,chunk,doc_0519_c00,plc_052,doc_0519_c00,문경,문경,경상북도 문경시,경상북도,36.5858541,128.1870612,306266.68,443680.85,ok,76.2,1.366,157.827,88.341,-15.212,91.412,28.985,4.2,40.831,2.698,-6.156,-4.199,5.089,6.361,18.199,51.645,2614,8,42.92
567,chunk,doc_0520_c00,plc_052,doc_0520_c00,문경,문경,경상북도 문경시,경상북도,36.5858541,128.1870612,306266.68,443680.85,ok,76.2,1.366,157.827,88.341,-15.212,91.412,28.985,4.2,40.831,2.698,-6.156,-4.199,5.089,6.361,18.199,51.645,2614,8,42.92
568,chunk,doc_0521_c00,plc_052,doc_0521_c00,문경,문경,경상북도 문경시,경상북도,36.5858541,128.1870612,306266.68,443680.85,ok,76.2,1.366,157.827,88.341,-15.212,91.412,28.985,4.2,40.831,2.698,-6.156,-4.199,5.089,6.361,18.199,51.645,2614,8,42.92
569,chunk,doc_0522_c00,plc_053,doc_0522_c00,영천,영천,경상북도 영천시,경상북도,35.9884200,128.9420000,375129.27,378512.59,ok,116.48,5.4,55.523,68.51,7.11,109.37,21.603,4.314,20.545,9.576,-15.295,-25.181,-20.548,-2.939,-18.426,-4.642,1961,8,9.6
570,chunk,doc_0523_c00,plc_054,doc_0523_c00,김천,김천,경상북도 김천시,경상북도,36.1398035,128.1139534,300299.31,394134.66,ok,87.93,7.254,115.296,169.92,-18.042,105.972,51.95,6.632,63.111,2.361,-4.782,-13.558,-11.667,-11.846,27.086,93.701,1961,8,36.88
571,chunk,doc_0524_c00,plc_053,doc_0524_c00,영천,영천,경상북도 영천시,경상북도,35.9884200,128.9420000,375129.27,378512.59,ok,116.48,5.4,55.523,68.51,7.11,109.37,21.603,4.314,20.545,9.576,-15.295,-25.181,-20.548,-2.939,-18.426,-4.642,1961,8,9.6
572,chunk,doc_0525_c00,plc_053,doc_0525_c00,영천,영천,경상북도 영천시,경상북도,35.9884200,128.9420000,375129.27,378512.59,ok,116.48,5.4,55.523,68.51,7.11,109.37,21.603,4.314,20.545,9.576,-15.295,-25.181,-20.548,-2.939,-18.426,-4.642,1961,8,9.6
573,chunk,doc_0526_c00,plc_054,doc_0526_c00,김천,김천,경상북도 김천시,경상북도,36.1398035,128.1139534,300299.31,394134.66,ok,87.93,7.254,115.296,169.92,-18.042,105.972,51.95,6.632,63.111,2.361,-4.782,-13.558,-11.667,-11.846,27.086,93.701,1961,8,36.88
574,chunk,doc_0527_c00,plc_054,doc_0527_c00,김천,김천,경상북도 김천시,경상북도,36.1398035,128.1139534,300299.31,394134.66,ok,87.93,7.254,115.296,169.92,-18.042,105.972,51.95,6.632,63.111,2.361,-4.782,-13.558,-11.667,-11.846,27.086,93.701,1961,8,36.88
575,chunk,doc_0528_c00,plc_054,doc_0528_c00,김천,김천,경상북도 김천시,경상북도,36.1398035,128.1139534,300299.31,394134.66,ok,87.93,7.254,115.296,169.92,-18.042,105.972,51.95,6.632,63.111,2.361,-4.782,-13.558,-11.667,-11.846,27.086,93.701,1961,8,36.88
576,chunk,doc_0529_c00,plc_054,doc_0529_c00,김천,김천,경상북도 김천시,경상북도,36.1398035,128.1139534,300299.31,394134.66,ok,87.93,7.254,115.296,169.92,-18.042,105.972,51.95,6.632,63.111,2.361,-4.782,-13.558,-11.667,-11.846,27.086,93.701,1961,8,36.88
577,chunk,doc_0530_c00,plc_054,doc_0530_c00,김천,김천,경상북도 김천시,경상북도,36.1398035,128.1139534,300299.31,394134.66,ok,87.93,7.254,115.296,169.92,-18.042,105.972,51.95,6.632,63.111,2.361,-4.782,-13.558,-11.667,-11.846,27.086,93.701,1961,8,36.88
578,chunk,doc_0531_c00,plc_054,doc_0531_c00,김천,김천,경상북도 김천시,경상북도,36.1398035,128.1139534,300299.31,394134.66,ok,87.93,7.254,115.296,169.92,-18.042,105.972,51.95,6.632,63.111,2.361,-4.782,-13.558,-11.667,-11.846,27.086,93.701,1961,8,36.88
579,chunk,doc_0532_c00,plc_054,doc_0532_c00,김천,김천,경상북도 김천시,경상북도,36.1398035,128.1139534,300299.31,394134.66,ok,87.93,7.254,115.296,169.92,-18.042,105.972,51.95,6.632,63.111,2.361,-4.782,-13.558,-11.667,-11.846,27.086,93.701,1961,8,36.88
580,chunk,doc_0533_c00,plc_054,doc_0533_c00,김천,김천,경상북도 김천시,경상북도,36.1398035,128.1139534,300299.31,394134.66,ok,87.93,7.254,115.296,169.92,-18.042,105.972,51.95,6.632,63.111,2.361,-4.782,-13.558,-11.667,-11.846,27.086,93.701,1961,8,36.88
581,chunk,doc_0534_c00,plc_054,doc_0534_c00,김천,김천,경상북도 김천시,경상북도,36.1398035,128.1139534,300299.31,394134.66,ok,87.93,7.254,115.296,169.92,-18.042,105.972,51.95,6.632,63.111,2.361,-4.782,-13.558,-11.667,-11.846,27.086,93.701,1961,8,36.88
582,chunk,doc_0535_c00,plc_054,doc_0535_c00,김천,김천,경상북도 김천시,경상북도,36.1398035,128.1139534,300299.31,394134.66,ok,87.93,7.254,115.296,169.92,-18.042,105.972,51.95,6.632,63.111,2.361,-4.782,-13.558,-11.667,-11.846,27.086,93.701,1961,8,36.88
583,chunk,doc_0536_c00,plc_055,doc_0536_c00,의성,의성,경상북도 의성군,경상북도,36.3524000,128.6970000,352334.62,418514.04,ok,92.57,2.036,190.924,103.96,-26.328,118.898,32.974,6.988,26.811,47.57,53.938,40.873,11.936,29.749,1.075,-1.224,1961,8,29.13
584,chunk,doc_0537_c00,plc_055,doc_0537_c00,의성,의성,경상북도 의성군,경상북도,36.3524000,128.6970000,352334.62,418514.04,ok,92.57,2.036,190.924,103.96,-26.328,118.898,32.974,6.988,26.811,47.57,53.938,40.873,11.936,29.749,1.075,-1.224,1961,8,29.13
585,chunk,doc_0538_c00,plc_055,doc_0538_c00,의성,의성,경상북도 의성군,경상북도,36.3524000,128.6970000,352334.62,418514.04,ok,92.57,2.036,190.924,103.96,-26.328,118.898,32.974,6.988,26.811,47.57,53.938,40.873,11.936,29.749,1.075,-1.224,1961,8,29.13
586,chunk,doc_0539_c00,plc_055,doc_0539_c00,의성,의성,경상북도 의성군,경상북도,36.3524000,128.6970000,352334.62,418514.04,ok,92.57,2.036,190.924,103.96,-26.328,118.898,32.974,6.988,26.811,47.57,53.938,40.873,11.936,29.749,1.075,-1.224,1961,8,29.13
587,chunk,doc_0540_c00,plc_056,doc_0540_c00,용안,용안,전북특별자치도 익산시 용안면,전북특별자치도,36.1233119,126.9542107,195883.2,391732.99,ok,43.57,6.56,96.846,30.36,34.326,9.244,10.092,1.874,-25.143,-37.003,-39.014,-38.558,-37.003,-28.37,-35.629,-34.029,1961,8,7.05
588,chunk,doc_0541_c00,plc_056,doc_0541_c00,용안,용안,전북특별자치도 익산시 용안면,전북특별자치도,36.1233119,126.9542107,195883.2,391732.99,ok,43.57,6.56,96.846,30.36,34.326,9.244,10.092,1.874,-25.143,-37.003,-39.014,-38.558,-37.003,-28.37,-35.629,-34.029,1961,8,7.05
589,chunk,doc_0542_c00,plc_056,doc_0542_c00,용안,용안,전북특별자치도 익산시 용안면,전북특별자치도,36.1233119,126.9542107,195883.2,391732.99,ok,43.57,6.56,96.846,30.36,34.326,9.244,10.092,1.874,-25.143,-37.003,-39.014,-38.558,-37.003,-28.37,-35.629,-34.029,1961,8,7.05
590,chunk,doc_0543_c00,plc_057,doc_0543_c00,연기,연기,세종특별자치시,세종특별자치시,36.4799999,127.2890000,225899.65,431319.71,ok,27.27,0.142,129.56,128.54,-16.438,43.708,41.401,4.685,-9.508,12.807,19.801,66.437,61.028,-2.446,-8.733,-7.819,1961,8,26.25
591,chunk,doc_0544_c00,plc_057,doc_0544_c00,연기,연기,세종특별자치시,세종특별자치시,36.4799999,127.2890000,225899.65,431319.71,ok,27.27,0.142,129.56,128.54,-16.438,43.708,41.401,4.685,-9.508,12.807,19.801,66.437,61.028,-2.446,-8.733,-7.819,1961,8,26.25
592,chunk,doc_0545_c00,plc_057,doc_0545_c00,연기,연기,세종특별자치시,세종특별자치시,36.4799999,127.2890000,225899.65,431319.71,ok,27.27,0.142,129.56,128.54,-16.438,43.708,41.401,4.685,-9.508,12.807,19.801,66.437,61.028,-2.446,-8.733,-7.819,1961,8,26.25
593,chunk,doc_0546_c00,plc_057,doc_0546_c00,연기,연기,세종특별자치시,세종특별자치시,36.4799999,127.2890000,225899.65,431319.71,ok,27.27,0.142,129.56,128.54,-16.438,43.708,41.401,4.685,-9.508,12.807,19.801,66.437,61.028,-2.446,-8.733,-7.819,1961,8,26.25
594,chunk,doc_0547_c00,plc_057,doc_0547_c00,연기,연기,세종특별자치시,세종특별자치시,36.4799999,127.2890000,225899.65,431319.71,ok,27.27,0.142,129.56,128.54,-16.438,43.708,41.401,4.685,-9.508,12.807,19.801,66.437,61.028,-2.446,-8.733,-7.819,1961,8,26.25
595,chunk,doc_0548_c00,plc_057,doc_0548_c00,연기,연기,세종특별자치시,세종특별자치시,36.4799999,127.2890000,225899.65,431319.71,ok,27.27,0.142,129.56,128.54,-16.438,43.708,41.401,4.685,-9.508,12.807,19.801,66.437,61.028,-2.446,-8.733,-7.819,1961,8,26.25
596,chunk,doc_0549_c00,plc_058,doc_0549_c00,비인,비인,충청남도 서천군 비인면,충청남도,36.1468286,126.6172752,165576.49,394414.89,ok,220.03,27.662,82.832,163.89,129.479,90.551,50.643,11.106,-111.018,-102.341,-109.241,-159.608,-108.784,-162.826,-159.854,-122.688,1961,8,22.79
597,chunk,doc_0550_c00,plc_059,doc_0550_c00,부여,부여,충청남도 부여군,충청남도,36.2753678,126.9101070,191914.99,408582.06,ok,17.8,0.677,205.782,51.03,2.113,15.687,16.294,2.955,4.497,8.556,11.824,-6.953,-9.987,-10.826,-9.244,-4.781,1961,8,23.08
598,chunk,doc_0551_c00,plc_059,doc_0551_c00,부여,부여,충청남도 부여군,충청남도,36.2753678,126.9101070,191914.99,408582.06,ok,17.8,0.677,205.782,51.03,2.113,15.687,16.294,2.955,4.497,8.556,11.824,-6.953,-9.987,-10.826,-9.244,-4.781,1961,8,23.08
599,chunk,doc_0552_c00,plc_059,doc_0552_c00,부여,부여,충청남도 부여군,충청남도,36.2753678,126.9101070,191914.99,408582.06,ok,17.8,0.677,205.782,51.03,2.113,15.687,16.294,2.955,4.497,8.556,11.824,-6.953,-9.987,-10.826,-9.244,-4.781,1961,8,23.08
600,chunk,doc_0553_c00,plc_059,doc_0553_c00,부여,부여,충청남도 부여군,충청남도,36.2753678,126.9101070,191914.99,408582.06,ok,17.8,0.677,205.782,51.03,2.113,15.687,16.294,2.955,4.497,8.556,11.824,-6.953,-9.987,-10.826,-9.244,-4.781,1961,8,23.08
601,chunk,doc_0554_c00,plc_059,doc_0554_c00,부여,부여,충청남도 부여군,충청남도,36.2753678,126.9101070,191914.99,408582.06,ok,17.8,0.677,205.782,51.03,2.113,15.687,16.294,2.955,4.497,8.556,11.824,-6.953,-9.987,-10.826,-9.244,-4.781,1961,8,23.08
602,chunk,doc_0555_c00,plc_059,doc_0555_c00,부여,부여,충청남도 부여군,충청남도,36.2753678,126.9101070,191914.99,408582.06,ok,17.8,0.677,205.782,51.03,2.113,15.687,16.294,2.955,4.497,8.556,11.824,-6.953,-9.987,-10.826,-9.244,-4.781,1961,8,23.08
603,chunk,doc_0556_c00,plc_059,doc_0556_c00,부여,부여,충청남도 부여군,충청남도,36.2753678,126.9101070,191914.99,408582.06,ok,17.8,0.677,205.782,51.03,2.113,15.687,16.294,2.955,4.497,8.556,11.824,-6.953,-9.987,-10.826,-9.244,-4.781,1961,8,23.08
604,chunk,doc_0557_c00,plc_059,doc_0557_c00,부여,부여,충청남도 부여군,충청남도,36.2753678,126.9101070,191914.99,408582.06,ok,17.8,0.677,205.782,51.03,2.113,15.687,16.294,2.955,4.497,8.556,11.824,-6.953,-9.987,-10.826,-9.244,-4.781,1961,8,23.08
605,chunk,doc_0558_c00,plc_059,doc_0558_c00,부여,부여,충청남도 부여군,충청남도,36.2753678,126.9101070,191914.99,408582.06,ok,17.8,0.677,205.782,51.03,2.113,15.687,16.294,2.955,4.497,8.556,11.824,-6.953,-9.987,-10.826,-9.244,-4.781,1961,8,23.08
606,chunk,doc_0559_c00,plc_059,doc_0559_c00,부여,부여,충청남도 부여군,충청남도,36.2753678,126.9101070,191914.99,408582.06,ok,17.8,0.677,205.782,51.03,2.113,15.687,16.294,2.955,4.497,8.556,11.824,-6.953,-9.987,-10.826,-9.244,-4.781,1961,8,23.08
607,chunk,doc_0560_c00,plc_059,doc_0560_c00,부여,부여,충청남도 부여군,충청남도,36.2753678,126.9101070,191914.99,408582.06,ok,17.8,0.677,205.782,51.03,2.113,15.687,16.294,2.955,4.497,8.556,11.824,-6.953,-9.987,-10.826,-9.244,-4.781,1961,8,23.08
608,chunk,doc_0561_c00,plc_059,doc_0561_c00,부여,부여,충청남도 부여군,충청남도,36.2753678,126.9101070,191914.99,408582.06,ok,17.8,0.677,205.782,51.03,2.113,15.687,16.294,2.955,4.497,8.556,11.824,-6.953,-9.987,-10.826,-9.244,-4.781,1961,8,23.08
609,chunk,doc_0562_c00,plc_059,doc_0562_c00,부여,부여,충청남도 부여군,충청남도,36.2753678,126.9101070,191914.99,408582.06,ok,17.8,0.677,205.782,51.03,2.113,15.687,16.294,2.955,4.497,8.556,11.824,-6.953,-9.987,-10.826,-9.244,-4.781,1961,8,23.08
610,chunk,doc_0563_c00,plc_059,doc_0563_c00,부여,부여,충청남도 부여군,충청남도,36.2753678,126.9101070,191914.99,408582.06,ok,17.8,0.677,205.782,51.03,2.113,15.687,16.294,2.955,4.497,8.556,11.824,-6.953,-9.987,-10.826,-9.244,-4.781,1961,8,23.08
611,chunk,doc_0564_c00,plc_059,doc_0564_c00,부여,부여,충청남도 부여군,충청남도,36.2753678,126.9101070,191914.99,408582.06,ok,17.8,0.677,205.782,51.03,2.113,15.687,16.294,2.955,4.497,8.556,11.824,-6.953,-9.987,-10.826,-9.244,-4.781,1961,8,23.08
612,chunk,doc_0565_c00,plc_059,doc_0565_c00,부여,부여,충청남도 부여군,충청남도,36.2753678,126.9101070,191914.99,408582.06,ok,17.8,0.677,205.782,51.03,2.113,15.687,16.294,2.955,4.497,8.556,11.824,-6.953,-9.987,-10.826,-9.244,-4.781,1961,8,23.08
613,chunk,doc_0566_c00,plc_059,doc_0566_c00,부여,부여,충청남도 부여군,충청남도,36.2753678,126.9101070,191914.99,408582.06,ok,17.8,0.677,205.782,51.03,2.113,15.687,16.294,2.955,4.497,8.556,11.824,-6.953,-9.987,-10.826,-9.244,-4.781,1961,8,23.08
614,chunk,doc_0567_c00,plc_059,doc_0567_c00,부여,부여,충청남도 부여군,충청남도,36.2753678,126.9101070,191914.99,408582.06,ok,17.8,0.677,205.782,51.03,2.113,15.687,16.294,2.955,4.497,8.556,11.824,-6.953,-9.987,-10.826,-9.244,-4.781,1961,8,23.08
615,chunk,doc_0568_c00,plc_059,doc_0568_c00,부여,부여,충청남도 부여군,충청남도,36.2753678,126.9101070,191914.99,408582.06,ok,17.8,0.677,205.782,51.03,2.113,15.687,16.294,2.955,4.497,8.556,11.824,-6.953,-9.987,-10.826,-9.244,-4.781,1961,8,23.08
616,chunk,doc_0569_c00,plc_059,doc_0569_c00,부여,부여,충청남도 부여군,충청남도,36.2753678,126.9101070,191914.99,408582.06,ok,17.8,0.677,205.782,51.03,2.113,15.687,16.294,2.955,4.497,8.556,11.824,-6.953,-9.987,-10.826,-9.244,-4.781,1961,8,23.08
617,chunk,doc_0570_c00,plc_059,doc_0570_c00,부여,부여,충청남도 부여군,충청남도,36.2753678,126.9101070,191914.99,408582.06,ok,17.8,0.677,205.782,51.03,2.113,15.687,16.294,2.955,4.497,8.556,11.824,-6.953,-9.987,-10.826,-9.244,-4.781,1961,8,23.08
618,chunk,doc_0571_c00,plc_059,doc_0571_c00,부여,부여,충청남도 부여군,충청남도,36.2753678,126.9101070,191914.99,408582.06,ok,17.8,0.677,205.782,51.03,2.113,15.687,16.294,2.955,4.497,8.556,11.824,-6.953,-9.987,-10.826,-9.244,-4.781,1961,8,23.08
619,chunk,doc_0572_c00,plc_060,doc_0572_c00,공주,공주,충청남도 공주시,충청남도,36.4725700,127.0912400,208195.86,430449.43,ok,116.9,11.645,194.431,90.67,82.783,34.117,30.545,6.067,-82.056,-46.276,-84.433,-89.212,-91.045,-88.925,-102.577,-78.08,1961,8,41.5
620,chunk,doc_0573_c00,plc_060,doc_0573_c00,공주,공주,충청남도 공주시,충청남도,36.4725700,127.0912400,208195.86,430449.43,ok,116.9,11.645,194.431,90.67,82.783,34.117,30.545,6.067,-82.056,-46.276,-84.433,-89.212,-91.045,-88.925,-102.577,-78.08,1961,8,41.5
621,chunk,doc_0574_c00,plc_060,doc_0574_c00,공주,공주,충청남도 공주시,충청남도,36.4725700,127.0912400,208195.86,430449.43,ok,116.9,11.645,194.431,90.67,82.783,34.117,30.545,6.067,-82.056,-46.276,-84.433,-89.212,-91.045,-88.925,-102.577,-78.08,1961,8,41.5
622,chunk,doc_0575_c00,plc_060,doc_0575_c00,공주,공주,충청남도 공주시,충청남도,36.4725700,127.0912400,208195.86,430449.43,ok,116.9,11.645,194.431,90.67,82.783,34.117,30.545,6.067,-82.056,-46.276,-84.433,-89.212,-91.045,-88.925,-102.577,-78.08,1961,8,41.5
623,chunk,doc_0576_c00,plc_060,doc_0576_c00,공주,공주,충청남도 공주시,충청남도,36.4725700,127.0912400,208195.86,430449.43,ok,116.9,11.645,194.431,90.67,82.783,34.117,30.545,6.067,-82.056,-46.276,-84.433,-89.212,-91.045,-88.925,-102.577,-78.08,1961,8,41.5
624,chunk,doc_0577_c00,plc_060,doc_0577_c00,공주,공주,충청남도 공주시,충청남도,36.4725700,127.0912400,208195.86,430449.43,ok,116.9,11.645,194.431,90.67,82.783,34.117,30.545,6.067,-82.056,-46.276,-84.433,-89.212,-91.045,-88.925,-102.577,-78.08,1961,8,41.5
625,chunk,doc_0578_c00,plc_060,doc_0578_c00,공주,공주,충청남도 공주시,충청남도,36.4725700,127.0912400,208195.86,430449.43,ok,116.9,11.645,194.431,90.67,82.783,34.117,30.545,6.067,-82.056,-46.276,-84.433,-89.212,-91.045,-88.925,-102.577,-78.08,1961,8,41.5
626,chunk,doc_0579_c00,plc_060,doc_0579_c00,공주,공주,충청남도 공주시,충청남도,36.4725700,127.0912400,208195.86,430449.43,ok,116.9,11.645,194.431,90.67,82.783,34.117,30.545,6.067,-82.056,-46.276,-84.433,-89.212,-91.045,-88.925,-102.577,-78.08,1961,8,41.5
627,chunk,doc_0580_c00,plc_060,doc_0580_c00,공주,공주,충청남도 공주시,충청남도,36.4725700,127.0912400,208195.86,430449.43,ok,116.9,11.645,194.431,90.67,82.783,34.117,30.545,6.067,-82.056,-46.276,-84.433,-89.212,-91.045,-88.925,-102.577,-78.08,1961,8,41.5
628,chunk,doc_0581_c00,plc_060,doc_0581_c00,공주,공주,충청남도 공주시,충청남도,36.4725700,127.0912400,208195.86,430449.43,ok,116.9,11.645,194.431,90.67,82.783,34.117,30.545,6.067,-82.056,-46.276,-84.433,-89.212,-91.045,-88.925,-102.577,-78.08,1961,8,41.5
629,chunk,doc_0582_c00,plc_060,doc_0582_c00,공주,공주,충청남도 공주시,충청남도,36.4725700,127.0912400,208195.86,430449.43,ok,116.9,11.645,194.431,90.67,82.783,34.117,30.545,6.067,-82.056,-46.276,-84.433,-89.212,-91.045,-88.925,-102.577,-78.08,1961,8,41.5
630,chunk,doc_0583_c00,plc_060,doc_0583_c00,공주,공주,충청남도 공주시,충청남도,36.4725700,127.0912400,208195.86,430449.43,ok,116.9,11.645,194.431,90.67,82.783,34.117,30.545,6.067,-82.056,-46.276,-84.433,-89.212,-91.045,-88.925,-102.577,-78.08,1961,8,41.5
631,chunk,doc_0584_c00,plc_061,doc_0584_c00,남포,남포,충청남도 보령시 남포면,충청남도,36.2954800,126.5827400,162555.79,410914.81,ok,15.47,1.464,336.082,121.32,-23.584,39.054,39.971,5.841,31.868,18.306,41.317,77.444,37.47,-2.618,-10.449,-4.568,1961,8,36.82
632,chunk,doc_0585_c00,plc_061,doc_0585_c00,남포,남포,충청남도 보령시 남포면,충청남도,36.2954800,126.5827400,162555.79,410914.81,ok,15.47,1.464,336.082,121.32,-23.584,39.054,39.971,5.841,31.868,18.306,41.317,77.444,37.47,-2.618,-10.449,-4.568,1961,8,36.82
633,chunk,doc_0586_c00,plc_061,doc_0586_c00,남포,남포,충청남도 보령시 남포면,충청남도,36.2954800,126.5827400,162555.79,410914.81,ok,15.47,1.464,336.082,121.32,-23.584,39.054,39.971,5.841,31.868,18.306,41.317,77.444,37.47,-2.618,-10.449,-4.568,1961,8,36.82
634,chunk,doc_0587_c00,plc_061,doc_0587_c00,남포,남포,충청남도 보령시 남포면,충청남도,36.2954800,126.5827400,162555.79,410914.81,ok,15.47,1.464,336.082,121.32,-23.584,39.054,39.971,5.841,31.868,18.306,41.317,77.444,37.47,-2.618,-10.449,-4.568,1961,8,36.82
635,chunk,doc_0588_c00,plc_061,doc_0588_c00,남포,남포,충청남도 보령시 남포면,충청남도,36.2954800,126.5827400,162555.79,410914.81,ok,15.47,1.464,336.082,121.32,-23.584,39.054,39.971,5.841,31.868,18.306,41.317,77.444,37.47,-2.618,-10.449,-4.568,1961,8,36.82
636,chunk,doc_0589_c00,plc_061,doc_0589_c00,남포,남포,충청남도 보령시 남포면,충청남도,36.2954800,126.5827400,162555.79,410914.81,ok,15.47,1.464,336.082,121.32,-23.584,39.054,39.971,5.841,31.868,18.306,41.317,77.444,37.47,-2.618,-10.449,-4.568,1961,8,36.82
637,chunk,doc_0590_c00,plc_061,doc_0590_c00,남포,남포,충청남도 보령시 남포면,충청남도,36.2954800,126.5827400,162555.79,410914.81,ok,15.47,1.464,336.082,121.32,-23.584,39.054,39.971,5.841,31.868,18.306,41.317,77.444,37.47,-2.618,-10.449,-4.568,1961,8,36.82
638,chunk,doc_0591_c00,plc_061,doc_0591_c00,남포,남포,충청남도 보령시 남포면,충청남도,36.2954800,126.5827400,162555.79,410914.81,ok,15.47,1.464,336.082,121.32,-23.584,39.054,39.971,5.841,31.868,18.306,41.317,77.444,37.47,-2.618,-10.449,-4.568,1961,8,36.82
639,chunk,doc_0592_c00,plc_062,doc_0592_c00,익산,익산,전북특별자치도 익산시,전북특별자치도,35.9479291,126.9578025,196153.2,372292.99,ok,19.5,0.838,145.842,19.79,4.624,14.876,6.569,1.557,-3.073,-4.179,1.678,-2.869,-8.916,-8.979,-8.459,-2.216,1961,8,46.97
640,chunk,doc_0593_c00,plc_062,doc_0593_c00,익산,익산,전북특별자치도 익산시,전북특별자치도,35.9479291,126.9578025,196153.2,372292.99,ok,19.5,0.838,145.842,19.79,4.624,14.876,6.569,1.557,-3.073,-4.179,1.678,-2.869,-8.916,-8.979,-8.459,-2.216,1961,8,46.97
641,chunk,doc_0594_c00,plc_063,doc_0594_c00,회인,회인,충청북도 보은군 회인면,충청북도,36.4980262,127.6006735,253795.42,433483.48,ok,173.28,7.779,274.718,202.416,-19.844,193.124,61.683,13.908,-11.288,80.252,54.572,-6.932,-44.213,28.775,19.763,36.632,2094,8,22.78
642,chunk,doc_0595_c00,plc_063,doc_0595_c00,회인,회인,충청북도 보은군 회인면,충청북도,36.4980262,127.6006735,253795.42,433483.48,ok,173.28,7.779,274.718,202.416,-19.844,193.124,61.683,13.908,-11.288,80.252,54.572,-6.932,-44.213,28.775,19.763,36.632,2094,8,22.78
643,chunk,doc_0596_c00,plc_064,doc_0596_c00,임천,임천,충청남도 부여군 임천면,충청남도,36.1734100,126.8871800,189844.99,397332.06,ok,10.26,2.576,220.442,83.09,-21.429,31.689,27.218,6.573,47.394,24.775,11.574,3.168,15.274,22.591,15.828,30.918,1961,8,40.15
644,chunk,doc_0597_c00,plc_064,doc_0597_c00,임천,임천,충청남도 부여군 임천면,충청남도,36.1734100,126.8871800,189844.99,397332.06,ok,10.26,2.576,220.442,83.09,-21.429,31.689,27.218,6.573,47.394,24.775,11.574,3.168,15.274,22.591,15.828,30.918,1961,8,40.15
645,chunk,doc_0598_c00,plc_064,doc_0598_c00,임천,임천,충청남도 부여군 임천면,충청남도,36.1734100,126.8871800,189844.99,397332.06,ok,10.26,2.576,220.442,83.09,-21.429,31.689,27.218,6.573,47.394,24.775,11.574,3.168,15.274,22.591,15.828,30.918,1961,8,40.15
646,chunk,doc_0599_c00,plc_064,doc_0599_c00,임천,임천,충청남도 부여군 임천면,충청남도,36.1734100,126.8871800,189844.99,397332.06,ok,10.26,2.576,220.442,83.09,-21.429,31.689,27.218,6.573,47.394,24.775,11.574,3.168,15.274,22.591,15.828,30.918,1961,8,40.15
647,chunk,doc_0600_c00,plc_064,doc_0600_c00,임천,임천,충청남도 부여군 임천면,충청남도,36.1734100,126.8871800,189844.99,397332.06,ok,10.26,2.576,220.442,83.09,-21.429,31.689,27.218,6.573,47.394,24.775,11.574,3.168,15.274,22.591,15.828,30.918,1961,8,40.15
648,chunk,doc_0601_c00,plc_064,doc_0601_c00,임천,임천,충청남도 부여군 임천면,충청남도,36.1734100,126.8871800,189844.99,397332.06,ok,10.26,2.576,220.442,83.09,-21.429,31.689,27.218,6.573,47.394,24.775,11.574,3.168,15.274,22.591,15.828,30.918,1961,8,40.15
649,chunk,doc_0602_c00,plc_064,doc_0602_c00,임천,임천,충청남도 부여군 임천면,충청남도,36.1734100,126.8871800,189844.99,397332.06,ok,10.26,2.576,220.442,83.09,-21.429,31.689,27.218,6.573,47.394,24.775,11.574,3.168,15.274,22.591,15.828,30.918,1961,8,40.15
650,chunk,doc_0603_c00,plc_064,doc_0603_c00,임천,임천,충청남도 부여군 임천면,충청남도,36.1734100,126.8871800,189844.99,397332.06,ok,10.26,2.576,220.442,83.09,-21.429,31.689,27.218,6.573,47.394,24.775,11.574,3.168,15.274,22.591,15.828,30.918,1961,8,40.15
651,chunk,doc_0604_c00,plc_066,doc_0604_c00,문의,문의,충청북도 청주시 문의면,충청북도,36.4931677,127.5087027,245551.45,432883.03,ok,164.87,6.75,184.192,181.63,29.82,135.05,57.832,11.189,-73.997,-24.308,41.997,-32.597,-9.467,-14.652,-52.44,-73.217,1961,8,28.52
652,chunk,doc_0605_c00,plc_067,doc_0605_c00,은진,은진,충청남도 논산시 은진면,충청남도,36.1647875,127.1104029,209902.12,396372.22,ok,29.09,2.015,143.668,42.77,5.757,23.333,14.25,2.76,0.596,-5.535,13.614,-5.132,-16.115,-18.403,-9.747,-5.353,1961,8,48.58
653,chunk,doc_0606_c00,plc_067,doc_0606_c00,은진,은진,충청남도 논산시 은진면,충청남도,36.1647875,127.1104029,209902.12,396372.22,ok,29.09,2.015,143.668,42.77,5.757,23.333,14.25,2.76,0.596,-5.535,13.614,-5.132,-16.115,-18.403,-9.747,-5.353,1961,8,48.58
654,chunk,doc_0607_c00,plc_067,doc_0607_c00,은진,은진,충청남도 논산시 은진면,충청남도,36.1647875,127.1104029,209902.12,396372.22,ok,29.09,2.015,143.668,42.77,5.757,23.333,14.25,2.76,0.596,-5.535,13.614,-5.132,-16.115,-18.403,-9.747,-5.353,1961,8,48.58
655,chunk,doc_0608_c00,plc_067,doc_0608_c00,은진,은진,충청남도 논산시 은진면,충청남도,36.1647875,127.1104029,209902.12,396372.22,ok,29.09,2.015,143.668,42.77,5.757,23.333,14.25,2.76,0.596,-5.535,13.614,-5.132,-16.115,-18.403,-9.747,-5.353,1961,8,48.58
656,chunk,doc_0609_c00,plc_067,doc_0609_c00,은진,은진,충청남도 논산시 은진면,충청남도,36.1647875,127.1104029,209902.12,396372.22,ok,29.09,2.015,143.668,42.77,5.757,23.333,14.25,2.76,0.596,-5.535,13.614,-5.132,-16.115,-18.403,-9.747,-5.353,1961,8,48.58
657,chunk,doc_0610_c00,plc_067,doc_0610_c00,은진,은진,충청남도 논산시 은진면,충청남도,36.1647875,127.1104029,209902.12,396372.22,ok,29.09,2.015,143.668,42.77,5.757,23.333,14.25,2.76,0.596,-5.535,13.614,-5.132,-16.115,-18.403,-9.747,-5.353,1961,8,48.58
658,chunk,doc_0611_c00,plc_068,doc_0611_c00,노성,노성,충청남도 논산시 노성면,충청남도,36.2904765,127.1063160,209542.12,410322.22,ok,57.23,5.492,255.972,185.71,-22.674,79.904,59.407,9.076,25.228,94.316,100.624,4.824,-13.145,-19.177,-12.022,1.94,1970,8,41.43
659,chunk,doc_0612_c00,plc_068,doc_0612_c00,노성,노성,충청남도 논산시 노성면,충청남도,36.2904765,127.1063160,209542.12,410322.22,ok,57.23,5.492,255.972,185.71,-22.674,79.904,59.407,9.076,25.228,94.316,100.624,4.824,-13.145,-19.177,-12.022,1.94,1970,8,41.43
660,chunk,doc_0613_c00,plc_068,doc_0613_c00,노성,노성,충청남도 논산시 노성면,충청남도,36.2904765,127.1063160,209542.12,410322.22,ok,57.23,5.492,255.972,185.71,-22.674,79.904,59.407,9.076,25.228,94.316,100.624,4.824,-13.145,-19.177,-12.022,1.94,1970,8,41.43
661,chunk,doc_0614_c00,plc_068,doc_0614_c00,노성,노성,충청남도 논산시 노성면,충청남도,36.2904765,127.1063160,209542.12,410322.22,ok,57.23,5.492,255.972,185.71,-22.674,79.904,59.407,9.076,25.228,94.316,100.624,4.824,-13.145,-19.177,-12.022,1.94,1970,8,41.43
662,chunk,doc_0615_c00,plc_069,doc_0615_c00,한산,한산,충청남도 서천군 한산면,충청남도,36.0836204,126.8224219,184026.49,387304.89,ok,4.31,0.092,181.494,64.65,-13.683,17.993,21.957,4.263,13.851,10.781,4.232,3.896,9.646,51.231,22.152,1.507,2249,8,38.82
663,chunk,doc_0616_c00,plc_069,doc_0616_c00,한산,한산,충청남도 서천군 한산면,충청남도,36.0836204,126.8224219,184026.49,387304.89,ok,4.31,0.092,181.494,64.65,-13.683,17.993,21.957,4.263,13.851,10.781,4.232,3.896,9.646,51.231,22.152,1.507,2249,8,38.82
664,chunk,doc_0617_c00,plc_069,doc_0617_c00,한산,한산,충청남도 서천군 한산면,충청남도,36.0836204,126.8224219,184026.49,387304.89,ok,4.31,0.092,181.494,64.65,-13.683,17.993,21.957,4.263,13.851,10.781,4.232,3.896,9.646,51.231,22.152,1.507,2249,8,38.82
665,chunk,doc_0618_c00,plc_069,doc_0618_c00,한산,한산,충청남도 서천군 한산면,충청남도,36.0836204,126.8224219,184026.49,387304.89,ok,4.31,0.092,181.494,64.65,-13.683,17.993,21.957,4.263,13.851,10.781,4.232,3.896,9.646,51.231,22.152,1.507,2249,8,38.82
666,chunk,doc_0619_c00,plc_069,doc_0619_c00,한산,한산,충청남도 서천군 한산면,충청남도,36.0836204,126.8224219,184026.49,387304.89,ok,4.31,0.092,181.494,64.65,-13.683,17.993,21.957,4.263,13.851,10.781,4.232,3.896,9.646,51.231,22.152,1.507,2249,8,38.82
667,chunk,doc_0620_c00,plc_069,doc_0620_c00,한산,한산,충청남도 서천군 한산면,충청남도,36.0836204,126.8224219,184026.49,387304.89,ok,4.31,0.092,181.494,64.65,-13.683,17.993,21.957,4.263,13.851,10.781,4.232,3.896,9.646,51.231,22.152,1.507,2249,8,38.82
668,chunk,doc_0621_c00,plc_069,doc_0621_c00,한산,한산,충청남도 서천군 한산면,충청남도,36.0836204,126.8224219,184026.49,387304.89,ok,4.31,0.092,181.494,64.65,-13.683,17.993,21.957,4.263,13.851,10.781,4.232,3.896,9.646,51.231,22.152,1.507,2249,8,38.82
669,chunk,doc_0622_c00,plc_070,doc_0622_c00,연산,연산,충청남도 논산시 연산면,충청남도,36.2312270,127.1994063,217912.12,403752.22,ok,164.93,22.074,219.444,239.953,55.405,109.525,82.38,10.698,67.32,37.015,-49.397,-87.504,-105.985,-125.776,-123.374,-84.321,2018,8,35.04
670,chunk,doc_0623_c00,plc_070,doc_0623_c00,연산,연산,충청남도 논산시 연산면,충청남도,36.2312270,127.1994063,217912.12,403752.22,ok,164.93,22.074,219.444,239.953,55.405,109.525,82.38,10.698,67.32,37.015,-49.397,-87.504,-105.985,-125.776,-123.374,-84.321,2018,8,35.04
671,chunk,doc_0624_c00,plc_070,doc_0624_c00,연산,연산,충청남도 논산시 연산면,충청남도,36.2312270,127.1994063,217912.12,403752.22,ok,164.93,22.074,219.444,239.953,55.405,109.525,82.38,10.698,67.32,37.015,-49.397,-87.504,-105.985,-125.776,-123.374,-84.321,2018,8,35.04
672,chunk,doc_0625_c00,plc_070,doc_0625_c00,연산,연산,충청남도 논산시 연산면,충청남도,36.2312270,127.1994063,217912.12,403752.22,ok,164.93,22.074,219.444,239.953,55.405,109.525,82.38,10.698,67.32,37.015,-49.397,-87.504,-105.985,-125.776,-123.374,-84.321,2018,8,35.04
673,chunk,doc_0626_c00,plc_070,doc_0626_c00,연산,연산,충청남도 논산시 연산면,충청남도,36.2312270,127.1994063,217912.12,403752.22,ok,164.93,22.074,219.444,239.953,55.405,109.525,82.38,10.698,67.32,37.015,-49.397,-87.504,-105.985,-125.776,-123.374,-84.321,2018,8,35.04
674,chunk,doc_0627_c00,plc_070,doc_0627_c00,연산,연산,충청남도 논산시 연산면,충청남도,36.2312270,127.1994063,217912.12,403752.22,ok,164.93,22.074,219.444,239.953,55.405,109.525,82.38,10.698,67.32,37.015,-49.397,-87.504,-105.985,-125.776,-123.374,-84.321,2018,8,35.04
675,chunk,doc_0628_c00,plc_070,doc_0628_c00,연산,연산,충청남도 논산시 연산면,충청남도,36.2312270,127.1994063,217912.12,403752.22,ok,164.93,22.074,219.444,239.953,55.405,109.525,82.38,10.698,67.32,37.015,-49.397,-87.504,-105.985,-125.776,-123.374,-84.321,2018,8,35.04
676,chunk,doc_0629_c00,plc_070,doc_0629_c00,연산,연산,충청남도 논산시 연산면,충청남도,36.2312270,127.1994063,217912.12,403752.22,ok,164.93,22.074,219.444,239.953,55.405,109.525,82.38,10.698,67.32,37.015,-49.397,-87.504,-105.985,-125.776,-123.374,-84.321,2018,8,35.04
677,chunk,doc_0630_c00,plc_070,doc_0630_c00,연산,연산,충청남도 논산시 연산면,충청남도,36.2312270,127.1994063,217912.12,403752.22,ok,164.93,22.074,219.444,239.953,55.405,109.525,82.38,10.698,67.32,37.015,-49.397,-87.504,-105.985,-125.776,-123.374,-84.321,2018,8,35.04
678,chunk,doc_0631_c00,plc_070,doc_0631_c00,연산,연산,충청남도 논산시 연산면,충청남도,36.2312270,127.1994063,217912.12,403752.22,ok,164.93,22.074,219.444,239.953,55.405,109.525,82.38,10.698,67.32,37.015,-49.397,-87.504,-105.985,-125.776,-123.374,-84.321,2018,8,35.04
679,chunk,doc_0632_c00,plc_072,doc_0632_c00,청양,청양,충청남도 청양군,충청남도,36.4591386,126.8021303,182289.63,429025.43,ok,122.1,10.626,262.788,110.82,-6.022,128.122,35.285,7.487,27.401,35.15,7.055,8.24,-17.933,-19.835,10.652,-2.534,1961,8,30.32
680,chunk,doc_0633_c00,plc_072,doc_0633_c00,청양,청양,충청남도 청양군,충청남도,36.4591386,126.8021303,182289.63,429025.43,ok,122.1,10.626,262.788,110.82,-6.022,128.122,35.285,7.487,27.401,35.15,7.055,8.24,-17.933,-19.835,10.652,-2.534,1961,8,30.32
681,chunk,doc_0634_c00,plc_072,doc_0634_c00,청양,청양,충청남도 청양군,충청남도,36.4591386,126.8021303,182289.63,429025.43,ok,122.1,10.626,262.788,110.82,-6.022,128.122,35.285,7.487,27.401,35.15,7.055,8.24,-17.933,-19.835,10.652,-2.534,1961,8,30.32
682,chunk,doc_0635_c00,plc_072,doc_0635_c00,청양,청양,충청남도 청양군,충청남도,36.4591386,126.8021303,182289.63,429025.43,ok,122.1,10.626,262.788,110.82,-6.022,128.122,35.285,7.487,27.401,35.15,7.055,8.24,-17.933,-19.835,10.652,-2.534,1961,8,30.32
683,chunk,doc_0636_c00,plc_073,doc_0636_c00,단양,단양,충청북도 단양군,충청북도,36.9848000,128.3659000,321603.08,488206.71,ok,188.9,4.294,96.991,299.24,-46.807,235.707,100.198,17.422,-0.041,58.876,56.693,167.206,51.483,9.761,30.882,-0.211,1961,8,10.03
684,chunk,doc_0637_c00,plc_073,doc_0637_c00,단양,단양,충청북도 단양군,충청북도,36.9848000,128.3659000,321603.08,488206.71,ok,188.9,4.294,96.991,299.24,-46.807,235.707,100.198,17.422,-0.041,58.876,56.693,167.206,51.483,9.761,30.882,-0.211,1961,8,10.03
685,chunk,doc_0638_c00,plc_074,doc_0638_c00,천안,천안,충청남도 천안시,충청남도,36.8150283,127.1140654,210194.74,468488.51,ok,50.44,7.079,286.416,70.421,-8.487,58.927,20.464,4.166,5.26,18.156,20.545,14.872,-0.804,-2.611,5.18,4.657,2940,8,17.33
686,chunk,doc_0639_c00,plc_074,doc_0639_c00,천안,천안,충청남도 천안시,충청남도,36.8150283,127.1140654,210194.74,468488.51,ok,50.44,7.079,286.416,70.421,-8.487,58.927,20.464,4.166,5.26,18.156,20.545,14.872,-0.804,-2.611,5.18,4.657,2940,8,17.33
687,chunk,doc_0640_c00,plc_074,doc_0640_c00,천안,천안,충청남도 천안시,충청남도,36.8150283,127.1140654,210194.74,468488.51,ok,50.44,7.079,286.416,70.421,-8.487,58.927,20.464,4.166,5.26,18.156,20.545,14.872,-0.804,-2.611,5.18,4.657,2940,8,17.33
688,chunk,doc_0641_c00,plc_074,doc_0641_c00,천안,천안,충청남도 천안시,충청남도,36.8150283,127.1140654,210194.74,468488.51,ok,50.44,7.079,286.416,70.421,-8.487,58.927,20.464,4.166,5.26,18.156,20.545,14.872,-0.804,-2.611,5.18,4.657,2940,8,17.33
689,chunk,doc_0642_c00,plc_083|plc_084,doc_0642_c00,북한산,북한산,서울특별시 북한산,서울특별시,37.6586301,126.9780032,198045.56,562098.32,ok,771.66,23.252,206.36,455.189,398.02,373.64,142.663,21.075,-475.706,-364.525,-440.159,-339.948,-266.929,-386.711,-508.162,-513.122,2643,8,18.15
690,chunk,doc_0642_c01,plc_083|plc_084,doc_0642_c01,북한산,북한산,서울특별시 북한산,서울특별시,37.6586301,126.9780032,198045.56,562098.32,ok,771.66,23.252,206.36,455.189,398.02,373.64,142.663,21.075,-475.706,-364.525,-440.159,-339.948,-266.929,-386.711,-508.162,-513.122,2643,8,18.15
691,chunk,doc_0643_c00,plc_083|plc_084,doc_0643_c00,북한산,북한산,서울특별시 북한산,서울특별시,37.6586301,126.9780032,198045.56,562098.32,ok,771.66,23.252,206.36,455.189,398.02,373.64,142.663,21.075,-475.706,-364.525,-440.159,-339.948,-266.929,-386.711,-508.162,-513.122,2643,8,18.15
692,chunk,doc_0643_c01,plc_083|plc_084,doc_0643_c01,북한산,북한산,서울특별시 북한산,서울특별시,37.6586301,126.9780032,198045.56,562098.32,ok,771.66,23.252,206.36,455.189,398.02,373.64,142.663,21.075,-475.706,-364.525,-440.159,-339.948,-266.929,-386.711,-508.162,-513.122,2643,8,18.15
693,chunk,doc_0644_c00,plc_083|plc_084,doc_0644_c00,북한산,북한산,서울특별시 북한산,서울특별시,37.6586301,126.9780032,198045.56,562098.32,ok,771.66,23.252,206.36,455.189,398.02,373.64,142.663,21.075,-475.706,-364.525,-440.159,-339.948,-266.929,-386.711,-508.162,-513.122,2643,8,18.15
694,chunk,doc_0645_c00,plc_083|plc_084,doc_0645_c00,북한산,북한산,서울특별시 북한산,서울특별시,37.6586301,126.9780032,198045.56,562098.32,ok,771.66,23.252,206.36,455.189,398.02,373.64,142.663,21.075,-475.706,-364.525,-440.159,-339.948,-266.929,-386.711,-508.162,-513.122,2643,8,18.15
695,chunk,doc_0645_c01,plc_083|plc_084,doc_0645_c01,북한산,북한산,서울특별시 북한산,서울특별시,37.6586301,126.9780032,198045.56,562098.32,ok,771.66,23.252,206.36,455.189,398.02,373.64,142.663,21.075,-475.706,-364.525,-440.159,-339.948,-266.929,-386.711,-508.162,-513.122,2643,8,18.15
696,chunk,doc_0646_c00,plc_083|plc_084,doc_0646_c00,북한산,북한산,서울특별시 북한산,서울특별시,37.6586301,126.9780032,198045.56,562098.32,ok,771.66,23.252,206.36,455.189,398.02,373.64,142.663,21.075,-475.706,-364.525,-440.159,-339.948,-266.929,-386.711,-508.162,-513.122,2643,8,18.15
697,chunk,doc_0646_c01,plc_083|plc_084,doc_0646_c01,북한산,북한산,서울특별시 북한산,서울특별시,37.6586301,126.9780032,198045.56,562098.32,ok,771.66,23.252,206.36,455.189,398.02,373.64,142.663,21.075,-475.706,-364.525,-440.159,-339.948,-266.929,-386.711,-508.162,-513.122,2643,8,18.15
698,chunk,doc_0647_c00,plc_083|plc_084,doc_0647_c00,북한산,북한산,서울특별시 북한산,서울특별시,37.6586301,126.9780032,198045.56,562098.32,ok,771.66,23.252,206.36,455.189,398.02,373.64,142.663,21.075,-475.706,-364.525,-440.159,-339.948,-266.929,-386.711,-508.162,-513.122,2643,8,18.15
699,chunk,doc_0647_c01,plc_083|plc_084,doc_0647_c01,북한산,북한산,서울특별시 북한산,서울특별시,37.6586301,126.9780032,198045.56,562098.32,ok,771.66,23.252,206.36,455.189,398.02,373.64,142.663,21.075,-475.706,-364.525,-440.159,-339.948,-266.929,-386.711,-508.162,-513.122,2643,8,18.15
700,chunk,doc_0648_c00,plc_083|plc_084,doc_0648_c00,북한산,북한산,서울특별시 북한산,서울특별시,37.6586301,126.9780032,198045.56,562098.32,ok,771.66,23.252,206.36,455.189,398.02,373.64,142.663,21.075,-475.706,-364.525,-440.159,-339.948,-266.929,-386.711,-508.162,-513.122,2643,8,18.15
701,chunk,doc_0648_c01,plc_083|plc_084,doc_0648_c01,북한산,북한산,서울특별시 북한산,서울특별시,37.6586301,126.9780032,198045.56,562098.32,ok,771.66,23.252,206.36,455.189,398.02,373.64,142.663,21.075,-475.706,-364.525,-440.159,-339.948,-266.929,-386.711,-508.162,-513.122,2643,8,18.15
702,chunk,doc_0649_c00,plc_083|plc_084,doc_0649_c00,북한산,북한산,서울특별시 북한산,서울특별시,37.6586301,126.9780032,198045.56,562098.32,ok,771.66,23.252,206.36,455.189,398.02,373.64,142.663,21.075,-475.706,-364.525,-440.159,-339.948,-266.929,-386.711,-508.162,-513.122,2643,8,18.15
703,chunk,doc_0650_c00,plc_083|plc_084,doc_0650_c00,북한산,북한산,서울특별시 북한산,서울특별시,37.6586301,126.9780032,198045.56,562098.32,ok,771.66,23.252,206.36,455.189,398.02,373.64,142.663,21.075,-475.706,-364.525,-440.159,-339.948,-266.929,-386.711,-508.162,-513.122,2643,8,18.15
704,chunk,doc_0650_c01,plc_083|plc_084,doc_0650_c01,북한산,북한산,서울특별시 북한산,서울특별시,37.6586301,126.9780032,198045.56,562098.32,ok,771.66,23.252,206.36,455.189,398.02,373.64,142.663,21.075,-475.706,-364.525,-440.159,-339.948,-266.929,-386.711,-508.162,-513.122,2643,8,18.15
705,chunk,doc_0651_c00,plc_083|plc_084,doc_0651_c00,북한산,북한산,서울특별시 북한산,서울특별시,37.6586301,126.9780032,198045.56,562098.32,ok,771.66,23.252,206.36,455.189,398.02,373.64,142.663,21.075,-475.706,-364.525,-440.159,-339.948,-266.929,-386.711,-508.162,-513.122,2643,8,18.15
706,chunk,doc_0651_c01,plc_083|plc_084,doc_0651_c01,북한산,북한산,서울특별시 북한산,서울특별시,37.6586301,126.9780032,198045.56,562098.32,ok,771.66,23.252,206.36,455.189,398.02,373.64,142.663,21.075,-475.706,-364.525,-440.159,-339.948,-266.929,-386.711,-508.162,-513.122,2643,8,18.15
707,chunk,doc_0652_c00,plc_083|plc_084,doc_0652_c00,북한산,북한산,서울특별시 북한산,서울특별시,37.6586301,126.9780032,198045.56,562098.32,ok,771.66,23.252,206.36,455.189,398.02,373.64,142.663,21.075,-475.706,-364.525,-440.159,-339.948,-266.929,-386.711,-508.162,-513.122,2643,8,18.15
708,chunk,doc_0652_c01,plc_083|plc_084,doc_0652_c01,북한산,북한산,서울특별시 북한산,서울특별시,37.6586301,126.9780032,198045.56,562098.32,ok,771.66,23.252,206.36,455.189,398.02,373.64,142.663,21.075,-475.706,-364.525,-440.159,-339.948,-266.929,-386.711,-508.162,-513.122,2643,8,18.15
709,chunk,doc_0653_c00,plc_083|plc_084,doc_0653_c00,북한산,북한산,서울특별시 북한산,서울특별시,37.6586301,126.9780032,198045.56,562098.32,ok,771.66,23.252,206.36,455.189,398.02,373.64,142.663,21.075,-475.706,-364.525,-440.159,-339.948,-266.929,-386.711,-508.162,-513.122,2643,8,18.15
710,chunk,doc_0653_c01,plc_083|plc_084,doc_0653_c01,북한산,북한산,서울특별시 북한산,서울특별시,37.6586301,126.9780032,198045.56,562098.32,ok,771.66,23.252,206.36,455.189,398.02,373.64,142.663,21.075,-475.706,-364.525,-440.159,-339.948,-266.929,-386.711,-508.162,-513.122,2643,8,18.15
711,chunk,doc_0654_c00,plc_083|plc_084,doc_0654_c00,북한산,북한산,서울특별시 북한산,서울특별시,37.6586301,126.9780032,198045.56,562098.32,ok,771.66,23.252,206.36,455.189,398.02,373.64,142.663,21.075,-475.706,-364.525,-440.159,-339.948,-266.929,-386.711,-508.162,-513.122,2643,8,18.15
712,chunk,doc_0654_c01,plc_083|plc_084,doc_0654_c01,북한산,북한산,서울특별시 북한산,서울특별시,37.6586301,126.9780032,198045.56,562098.32,ok,771.66,23.252,206.36,455.189,398.02,373.64,142.663,21.075,-475.706,-364.525,-440.159,-339.948,-266.929,-386.711,-508.162,-513.122,2643,8,18.15
713,chunk,doc_0655_c00,plc_083|plc_084,doc_0655_c00,북한산,북한산,서울특별시 북한산,서울특별시,37.6586301,126.9780032,198045.56,562098.32,ok,771.66,23.252,206.36,455.189,398.02,373.64,142.663,21.075,-475.706,-364.525,-440.159,-339.948,-266.929,-386.711,-508.162,-513.122,2643,8,18.15
714,chunk,doc_0655_c01,plc_083|plc_084,doc_0655_c01,북한산,북한산,서울특별시 북한산,서울특별시,37.6586301,126.9780032,198045.56,562098.32,ok,771.66,23.252,206.36,455.189,398.02,373.64,142.663,21.075,-475.706,-364.525,-440.159,-339.948,-266.929,-386.711,-508.162,-513.122,2643,8,18.15
